Book Id,Title,Author,Author l-f,Additional Authors,ISBN,ISBN13,My Rating,Average Rating,Publisher,Binding,Number of Pages,Year Published,Original Publication Year,Date Read,Date Added,Bookshelves,Bookshelves with positions,Exclusive Shelf,My Review,Spoiler,Private Notes,Read Count,Owned Copies
208840291,The Serviceberry: Abundance and Reciprocity in the Natural World,Robin Wall Kimmerer,"Kimmerer, Robin Wall",John Burgoyne,"=""1668072246""","=""9781668072240""",0,4.32,Scribner,Hardcover,112,2024,2024,2025/11/05,2024/08/23,physical-tbr,physical-tbr (#83),read,,,,1,0
6398634,The Happiness Project,Gretchen Rubin,"Rubin, Gretchen",,"=""0061583251""","=""9780061583254""",0,3.65,Harper,Hardcover,301,2009,2009,,2025/11/04,,,read,,,,1,0
222828632,Discontent,Beatriz Serrano,"Serrano, Beatriz",Mara Faye Lethem,"=""""","=""9798217006779""",0,3.91,Vintage,Kindle Edition,181,2025,2023,,2025/11/02,to-read,to-read (#535),to-read,,,,0,0
228256271,"Mate (Bride, #2)",Ali Hazelwood,"Hazelwood, Ali",,"=""0593955013""","=""9780593955017""",4,4.20,Berkley,Hardcover,457,2025,2025,2025/11/02,2025/02/26,,,read,,,,1,0
236746136,Atmosphere,Taylor Jenkins Reid,"Reid, Taylor Jenkins",,"=""0593158717""","=""9780593158715""",0,4.35,Ballantine Books,Hardcover,352,2025,2025,,2025/11/02,to-read,to-read (#534),to-read,,,,0,0
75561006,Living Resistance: An Indigenous Vision for Seeking Wholeness Every Day,Kaitlin B. Curtice,"Curtice, Kaitlin B.",,"=""1587435713""","=""9781587435713""",0,4.14,Brazos Press,Hardcover,208,2023,,,2025/11/01,to-read,to-read (#533),to-read,,,,0,0
221996622,"A Steady Brightness of Being: Truths, Wisdom, and Love from Celebrated Indigenous Voices",Sara Sinclair,"Sinclair, Sara",Stephanie Sinclair,"=""0735250367""","=""9780735250369""",0,4.40,Penguin Canada,Hardcover,192,2025,,,2025/11/01,to-read,to-read (#532),to-read,,,,0,0
220165542,Mapping the Interior,Stephen Graham Jones,"Jones, Stephen Graham",,"=""1250406021""","=""9781250406026""",0,3.60,Tor Nightfire,Paperback,112,2025,2017,,2025/10/25,"to-read, november-tbr","to-read (#528), november-tbr (#2)",to-read,,,,0,0
182777376,A Witch's Guide to Magical Innkeeping,Sangu Mandanna,"Mandanna, Sangu",,"=""0593439384""","=""""",0,3.99,Berkley,Kindle Edition,336,2025,2025,,2025/07/07,"to-read, fall-reads, physical-tbr, november-tbr","to-read (#494), fall-reads (#3), physical-tbr (#92), november-tbr (#1)",to-read,,,,0,0
228110489,Heart the Lover,Lily King,"King, Lily",,"=""0802165176""","=""9780802165176""",0,4.42,Grove Press,Hardcover,256,2025,2025,,2025/10/31,"to-read, physical-tbr","to-read (#531), physical-tbr (#99)",to-read,,,,0,0
199798006,We Used to Live Here,Marcus Kliewer,"Kliewer, Marcus",,"=""1982198788""","=""9781982198787""",0,3.63,Atria/Emily Bestler Books,Hardcover,312,2024,2024,,2025/10/27,to-read,to-read (#530),to-read,,,,0,0
223001257,The Correspondent,Virginia      Evans,"Evans, Virginia",,"=""0593798430""","=""9780593798430""",0,4.57,Crown,Hardcover,304,2025,2025,,2025/10/27,to-read,to-read (#529),to-read,,,,0,0
84981,Tuck Everlasting,Natalie Babbitt,"Babbitt, Natalie",,"=""0374480095""","=""9780374480097""",0,3.91,"Farrar, Straus and Giroux (BYR)",Paperback,148,1985,1975,2025/10/25,2025/03/31,physical-tbr,physical-tbr (#95),read,,,,1,0
222279220,"Good Spirits (Ghosted, #1)",B.K. Borison,"Borison, B.K.",,"=""0063430401""","=""9780063430402""",0,4.37,Avon,Paperback,384,2025,2025,,2025/10/24,to-read,to-read (#527),to-read,,,,0,0
113877384,Sipsworth,Simon Van Booy,"Booy, Simon Van",,"=""1567927947""","=""9781567927948""",0,4.14,"David R. Godine, Publisher",Hardcover,240,2024,2024,,2025/10/13,"currently-reading, physical-tbr","currently-reading (#2), physical-tbr (#98)",currently-reading,,,,1,0
240019805,Meet Me in the Garden,Nina LaCour,"LaCour, Nina",,"=""1250810477""","=""9781250810472""",0,5.00,Flatiron Books,Hardcover,400,2026,2026,,2025/10/01,to-read,to-read (#526),to-read,,,,0,0
33503607,Meet Cute: Some People Are Destined to Meet,Jennifer L. Armentrout,"Armentrout, Jennifer L.","Dhonielle Clayton, Katie Cotugno, Jocelyn Davies, Nina LaCour, Emery Lord, Katharine McGee, Kass Morgan, Meredith Russo, Sara Shepard, Nicola Yoon, Ibi Zoboi, Julie   Murphy","=""1328759873""","=""9781328759870""",0,3.57,HMH Books for Young Readers,Hardcover,314,2018,2018,,2025/10/01,to-read,to-read (#525),to-read,,,,0,0
199269577,"The Spellshop (Spellshop, #1)",Sarah Beth Durst,"Durst, Sarah Beth",,"=""""","=""""",0,4.02,Bramble,Hardcover,384,2024,2024,,2024/09/07,"25-in-25, physical-tbr, fall-reads, currently-reading","25-in-25 (#14), physical-tbr (#68), fall-reads (#11), currently-reading (#1)",currently-reading,,,,1,0
55977956,Loveless,Alice Oseman,"Oseman, Alice",,"=""133875193X""","=""9781338751932""",2,4.17,Scholastic Press,Hardcover,432,2022,2020,2025/09/29,2022/08/23,25-in-25,25-in-25 (#12),read,2.5,,,1,0
240581511,Hot for Slayer,Ali Hazelwood,"Hazelwood, Ali",,"=""166252840X""","=""9781662528408""",0,3.89,Amazon Original Stories,ebook,94,2025,2025,,2025/09/27,to-read,to-read (#524),to-read,,,,0,0
217513554,"And Now, Back to You (Heartstrings, #2)",B.K. Borison,"Borison, B.K.",,"=""""","=""""",0,4.47,,Paperback,,2026,2026,,2025/09/23,to-read,to-read (#523),to-read,,,,0,0
58842731,The Lesbiana's Guide to Catholic School,Sonora Reyes,"Reyes, Sonora",,"=""006306023X""","=""9780063060234""",0,4.24,HarperCollins,Hardcover,385,2022,2022,,2024/12/17,"to-read, physical-tbr","to-read (#409), physical-tbr (#97)",to-read,,,,0,0
60568471,"Before I Let Go (Skyland, #1)",Kennedy Ryan,"Ryan, Kennedy",,"=""1538706792""","=""9781538706794""",0,4.33,Forever,Paperback,391,2022,2022,,2025/01/19,"to-read, physical-tbr","to-read (#442), physical-tbr (#96)",to-read,,,,0,0
37732,"Are You There God? It’s Me, Margaret",Judy Blume,"Blume, Judy",,"=""0689841582""","=""9780689841583""",0,3.95,Richard Jackson/Athaneum Books for Young Readers,Hardcover,149,2001,1970,,2025/03/31,"to-read, physical-tbr","to-read (#460), physical-tbr (#94)",to-read,,,,0,0
40597810,Daisy Jones & The Six,Taylor Jenkins Reid,"Reid, Taylor Jenkins",,"=""1524798622""","=""9781524798628""",0,4.20,Ballantine Books,Hardcover,368,2019,2019,,2025/07/05,"to-read, physical-tbr","to-read (#493), physical-tbr (#93)",to-read,,,,0,0
26030734,"The Wild Robot (The Wild Robot, #1)",Peter  Brown,"Brown, Peter",,"=""0316381993""","=""9780316381994""",0,4.21,"Little, Brown Books for Young Readers",Hardcover,282,2016,2016,,2025/07/19,"to-read, physical-tbr","to-read (#514), physical-tbr (#91)",to-read,,,,1,0
227948535,"Tender Cruelty (Dark Olympus, #9)",Katee Robert,"Robert, Katee",,"=""1728284783""","=""9781728284781""",0,4.09,Sourcebooks Casablanca,Paperback,304,2025,2025,,2025/09/15,to-read,to-read (#522),to-read,,,,0,0
123901,Little Cloud,Eric Carle,"Carle, Eric",,"=""0698118308""","=""9780698118300""",0,3.94,World of Eric Carle,Paperback,32,2001,1996,,2025/09/13,,,read,,,,1,0
3194431,Goodnight Goon: a Petrifying Parody,Michael Rex,"Rex, Michael",,"=""0399245340""","=""9780399245343""",0,4.10,G.P. Putnam's Sons Books for Young Readers,Hardcover,32,2008,2008,,2025/09/13,,,read,,,,1,0
228101,"Chicka Chicka 1, 2, 3",Bill Martin Jr.,"Jr., Bill Martin","Michael Sampson, Lois Ehlert","=""0689858817""","=""9780689858819""",0,4.15,Simon & Schuster Books for Young Readers,Hardcover,40,2004,2004,,2025/09/13,,,read,,,,1,0
631931,Mister Seahorse,Eric Carle,"Carle, Eric",,"=""0140569898""","=""9780140569896""",0,4.07,Puffin Bks,Hardcover,34,2006,2004,,2025/09/13,,,read,,,,1,0
35738079,Pink Is for Boys,Robb Pearlman,"Pearlman, Robb",Eda Kaban,"=""""","=""""",0,4.05,Running Press,Hardcover,40,2018,2018,,2025/09/13,,,read,,,,1,0
7531219,Dancing Feet!,Lindsey Craig,"Craig, Lindsey",Marc Brown,"=""0375861815""","=""9780375861819""",0,4.00,Knopf Books for Young Readers,Hardcover,26,2010,2010,,2025/09/13,,,read,,,,1,0
55660774,The Leaf Thief,Alice Hemming,"Hemming, Alice",Nicola Slater,"=""0702303208""","=""9780702303203""",0,4.19,Scholastic ,Hardcover,32,2020,2020,,2025/09/13,,,read,,,,1,0
758939,Leaves,David Ezra Stein,"Stein, David Ezra",,"=""0399246363""","=""9780399246364""",0,3.87,Nancy Paulsen Books,Hardcover,32,2007,2007,,2025/09/13,,,read,,,,1,0
7699554,The Wonky Donkey,Craig           Smith,"Smith, Craig",Katz Cowley,"=""1869439260""","=""9781869439262""",0,4.45,Scholastic New Zealand,Paperback,24,2009,2009,,2025/09/13,,,read,,,,1,0
375902,Inch by Inch,Leo Lionni,"Lionni, Leo",,"=""0688132839""","=""9780688132835""",0,4.09,HarperCollinsPublishers,Paperback,32,1995,1960,,2025/09/13,,,read,,,,1,0
44095598,"Sofia Valdez, Future Prez",Andrea Beaty,"Beaty, Andrea",David Roberts,"=""1683356101""","=""9781683356103""",0,4.36,Abrams Books for Young Readers,Kindle Edition,40,2019,2019,,2025/09/13,,,read,,,,1,0
22735715,Pig the Pug,Aaron Blabey,"Blabey, Aaron",,"=""1743624778""","=""9781743624777""",0,4.17,Scholastic,Hardcover,24,2014,2014,,2025/09/13,,,read,,,,1,0
39397848,Under My Hijab,Hena Khan,"Khan, Hena",Aaliya Jaleel,"=""1620147920""","=""9781620147924""",0,4.39,Lee & Low Books,Hardcover,32,2019,2019,,2025/09/13,,,read,,,,1,0
6202568,"Elephants Cannot Dance! (Elephant & Piggie, #9)",Mo Willems,"Willems, Mo",,"=""1423114108""","=""9781423114109""",0,4.30,Hyperion Books for Children,Hardcover,64,2009,2009,,2025/09/13,,,read,,,,1,0
2451036,"I Love My New Toy! (Elephant & Piggie, #5)",Mo Willems,"Willems, Mo",,"=""1423109619""","=""9781423109617""",0,4.32,Hyperion Books for Children,Hardcover,57,2008,2008,,2025/09/13,,,read,,,,1,0
34605803,"Dear Girl: A Celebration of Wonderful, Smart, Beautiful You!",Amy Krouse Rosenthal,"Rosenthal, Amy Krouse","Paris Rosenthal, Holly Hatam","=""0062422502""","=""9780062422507""",0,4.57,HarperCollins,Hardcover,40,2017,2017,,2025/09/13,,,read,,,,1,0
27247476,"The Thank You Book (Elephant & Piggie, #25)",Mo Willems,"Willems, Mo",,"=""1423178289""","=""9781423178286""",0,4.41,Hyperion Books for Children,Hardcover,64,2016,2016,,2025/09/13,,,read,,,,1,0
507402,Little Pea,Amy Krouse Rosenthal,"Rosenthal, Amy Krouse",Jen Corace,"=""081184658X""","=""9780811846585""",0,4.19,Chronicle Books,Hardcover,36,2005,2005,,2025/09/13,,,read,,,,1,0
18743522,Shh! We Have a Plan,Chris Haughton,"Haughton, Chris",,"=""1406342327""","=""9781406342321""",0,4.15,Walker Books,Hardcover,48,2014,2014,,2025/09/13,,,read,,,,1,0
9676990,"Goodnight, Goodnight, Construction Site",Sherri Duskey Rinker,"Rinker, Sherri Duskey",Tom Lichtenheld,"=""0811877825""","=""9780811877824""",0,4.38,Chronicle Books,Hardcover,32,2011,2011,,2025/09/13,,,read,,,,1,0
336161,The Grouchy Ladybug,Eric Carle,"Carle, Eric",,"=""0064434508""","=""9780064434508""",0,4.12,HarperCollins,Paperback,48,1996,1977,,2025/09/13,,,read,,,,1,0
18570357,What Do You Do With an Idea?,Kobi Yamada,"Yamada, Kobi",Mae Besom,"=""1938298071""","=""9781938298073""",0,4.47,Compendium,Hardcover,36,2014,2014,,2025/09/13,,,read,,,,1,0
35248504,The Rabbit Listened,Cori Doerrfeld,"Doerrfeld, Cori",,"=""073522935X""","=""9780735229358""",0,4.59,Dial Books,Hardcover,32,2018,2018,,2025/09/13,favorites,favorites (#11),read,,,,1,0
36341954,"We Don't Eat Our Classmates (Penelope Rex, #1)",Ryan T.  Higgins,"Higgins, Ryan T.",,"=""1368003559""","=""9781368003551""",0,4.51,Disney Hyperion,Hardcover,40,2018,2018,,2025/09/13,,,read,,,,1,0
147732,"Miss Nelson Is Missing! (Miss Nelson, #1)",Harry Allard,"Allard, Harry",James  Marshall,"=""0395401461""","=""9780395401460""",0,4.31,Sandpiper Books,Paperback,32,1985,1977,,2025/09/13,,,read,,,,1,0
201126,We're Going on a Bear Hunt,Michael Rosen,"Rosen, Michael",Helen Oxenbury,"=""0689853491""","=""9780689853494""",0,4.29,Alladin Paperbacks,Paperback,40,2003,1989,,2025/09/13,,,read,,,,1,0
1062516,"No, David!",David Shannon,"Shannon, David",,"=""0590930028""","=""9780590930024""",0,4.16,The Blue Sky Press,Hardcover,32,1998,1998,,2025/09/13,,,read,,,,1,0
770051,"Olivia (Olivia, #1)",Ian Falconer,"Falconer, Ian",,"=""0689829531""","=""9780689829536""",0,4.15,Atheneum Books for Young Readers,Hardcover,40,2000,2000,,2025/09/13,,,read,,,,1,0
240130,The Paper Bag Princess,Robert Munsch,"Munsch, Robert",Michael Martchenko,"=""0920236162""","=""9780920236161""",0,4.31,Annick Press,Paperback,32,1980,1980,,2025/09/13,,,read,,,,1,0
22521973,Last Stop on Market Street,Matt de la Peña,"Peña, Matt de la",Christian Robinson,"=""0399257748""","=""9780399257742""",0,4.30,G.P. Putnam's Sons Books for Young Readers,Hardcover,32,2015,2015,,2025/09/13,,,read,,,,1,0
766955,"Click, Clack, Moo: Cows That Type",Doreen Cronin,"Cronin, Doreen",Betsy Lewin,"=""0689832133""","=""9780689832130""",0,4.28,Simon & Schuster Books for Young Readers,Hardcover,32,2000,1999,,2025/09/13,,,read,,,,1,0
11233988,I Want My Hat Back,Jon Klassen,"Klassen, Jon",,"=""0763655988""","=""9780763655983""",0,4.35,Candlewick Press,Hardcover,40,2011,2011,,2025/09/13,,,read,,,,1,0
125120424,"Heartstopper: Volume Six (Heartstopper, #6)",Alice Oseman,"Oseman, Alice",,"=""""","=""""",0,4.55,,Unknown Binding,,,2026,,2025/09/12,to-read,to-read (#521),to-read,,,,0,0
44804083,"Come Tumbling Down (Wayward Children, #5)",Seanan McGuire,"McGuire, Seanan",,"=""0765399318""","=""9780765399311""",4,3.91,Tordotcom,Hardcover,208,2020,2020,2025/09/12,2024/08/28,,,read,,,,1,0
231126910,"Through Gates of Garnet and Gold (Wayward Children, #11)",Seanan McGuire,"McGuire, Seanan",,"=""1250339405""","=""9781250339409""",0,3.88,Tordotcom,Hardcover,160,2026,2026,,2025/09/10,to-read,to-read (#520),to-read,,,,0,0
222399131,Howl’s Moving Castle,Diana Wynne Jones,"Jones, Diana Wynne",,"=""0063416468""","=""9780063416468""",0,4.29,Greenwillow Books,Hardcover,352,2025,1986,,2025/09/09,to-read,to-read (#519),to-read,,,,0,0
199534697,Black in Blues: How a Color Tells the Story of My People,Imani Perry,"Perry, Imani",,"=""0062977393""","=""9780062977397""",0,4.31,Ecco,Hardcover,256,2025,2025,2025/09/07,2025/08/05,,,read,,,,1,0
122753311,"Lovelight Farms (Lovelight, #1)",B.K. Borison,"Borison, B.K.",,"=""0593641124""","=""9780593641125""",0,3.83,Berkley,Kindle Edition,332,2021,2021,,2025/09/06,to-read,to-read (#518),to-read,,,,0,0
220195725,Julie Chan Is Dead,Liann Zhang,"Zhang, Liann",,"=""1668067919""","=""9781668067918""",0,3.44,Atria Books,Kindle Edition,320,2025,2025,,2025/09/06,to-read,to-read (#517),to-read,,,,0,0
222376853,"Wild for Austen: A Rebellious, Subversive, and Untamed Jane",Devoney Looser,"Looser, Devoney",,"=""1250361338""","=""9781250361332""",0,3.91,St. Martin's Press,Hardcover,336,2025,2025,,2025/09/04,to-read,to-read (#516),to-read,,,,0,0
222658358,"Pitcher Perfect (Big Shots, #4)",Tessa Bailey,"Bailey, Tessa",,"=""0063380838""","=""9780063380837""",0,3.89,Avon,Paperback,336,2025,2025,,2025/09/04,to-read,to-read (#515),to-read,,,,0,0
217163697,My Friends,Fredrik Backman,"Backman, Fredrik",Neil   Smith,"=""1982112824""","=""9781982112820""",2,4.42,Atria Books,Hardcover,436,2025,2025,2025/09/04,2024/12/16,,,read,,,,1,0
61242426,"Legends & Lattes (Legends & Lattes, #1)",Travis Baldree,"Baldree, Travis",,"=""""","=""""",0,4.05,Tor,Kindle Edition,296,2022,2022,,2023/01/16,"to-read, 24-in-24, physical-tbr, fall-reads","to-read (#222), 24-in-24 (#15), physical-tbr (#49), fall-reads (#18)",to-read,,,,0,0
60784409,A House with Good Bones,T. Kingfisher,"Kingfisher, T.",,"=""1250829798""","=""9781250829795""",0,3.67,Tor Nightfire,Hardcover,247,2023,2023,,2022/12/27,"to-read, fall-reads","to-read (#199), fall-reads (#17)",to-read,,,,0,0
49504061,The Once and Future Witches,Alix E. Harrow,"Harrow, Alix E.",,"=""0316422045""","=""9780316422048""",0,4.03,Redhook,Hardcover,517,2020,2020,,2022/09/25,"to-read, fall-reads","to-read (#179), fall-reads (#16)",to-read,,,,0,0
58896183,"Magic, Lies, and Deadly Pies (Pies Before Guys Mystery, #1)",Misha Popp,"Popp, Misha",,"=""1643859951""","=""9781643859958""",0,3.68,Crooked Lane,Hardcover,324,2022,2022,,2022/07/15,"to-read, fall-reads","to-read (#164), fall-reads (#15)",to-read,,,,0,0
8667848,"A Discovery of Witches (All Souls, #1)",Deborah Harkness,"Harkness, Deborah",,"=""0670022411""","=""9780670022410""",0,4.02,Viking Penguin,Hardcover,592,2011,2011,,2021/04/03,"to-read, fall-reads","to-read (#103), fall-reads (#14)",to-read,,,,0,0
42034231,Leave Only Footprints: My Acadia-to-Zion Journey Through Every National Park,Conor Knighton,"Knighton, Conor",,"=""198482354X""","=""9781984823540""",0,4.25,Crown,Hardcover,323,2020,2020,,2020/12/30,"to-read, fall-reads","to-read (#86), fall-reads (#13)",to-read,,,,0,0
22896,"Practical Magic (Practical Magic, #1)",Alice Hoffman,"Hoffman, Alice",,"=""""","=""""",0,3.71,Penguin,Paperback,286,2003,1995,,2020/10/04,"to-read, fall-reads","to-read (#16), fall-reads (#12)",to-read,,,,0,0
35031085,Frankenstein: The 1818 Text,Mary Wollstonecraft Shelley,"Shelley, Mary Wollstonecraft",Charlotte  Gordon,"=""0143131842""","=""9780143131847""",0,3.90,Penguin Classics,Paperback,260,2018,1818,,2024/09/27,"to-read, fall-reads","to-read (#395), fall-reads (#10)",to-read,,,,0,0
210163133,"The Cinnamon Bun Book Store (Dream Harbor, #2)",Laurie Gilmore,"Gilmore, Laurie",,"=""0008641587""","=""9780008641580""",0,3.70,One More Chapter,Paperback,348,2024,2024,,2025/01/06,"to-read, fall-reads","to-read (#431), fall-reads (#9)",to-read,,,,0,0
217248010,Disco Witches of Fire Island,Blair Fell,"Fell, Blair",,"=""""","=""9798892420341""",0,3.79,Alcove Press,Paperback,352,2025,2025,,2025/03/05,"to-read, fall-reads","to-read (#453), fall-reads (#8)",to-read,,,,0,0
219603177,With a Vengeance,Riley Sager,"Sager, Riley",,"=""0593472403""","=""9780593472408""",0,3.38,Dutton,Hardcover,383,2025,2025,,2025/04/23,"to-read, fall-reads","to-read (#470), fall-reads (#7)",to-read,,,,0,0
139463,Maniac Magee,Jerry Spinelli,"Spinelli, Jerry",,"=""0590452037""","=""9780590452038""",0,3.90,Scholastic,Paperback,184,2002,1990,,2025/06/10,"to-read, fall-reads","to-read (#483), fall-reads (#6)",to-read,,,,0,0
25051,"Mrs. Piggle-Wiggle (Mrs. Piggle Wiggle, #1)",Betty MacDonald,"MacDonald, Betty",Alexandra Boiger,"=""0064401480""","=""9780064401487""",0,4.16,HarperCollins,Paperback,128,2007,1947,,2025/06/07,"to-read, fall-reads","to-read (#479), fall-reads (#5)",to-read,,,,0,0
55425310,When the Reckoning Comes,LaTanya McQueen,"McQueen, LaTanya",,"=""0063035049""","=""9780063035041""",0,3.68,Harper Perennial,Paperback,237,2021,2021,,2025/06/28,"to-read, fall-reads","to-read (#491), fall-reads (#4)",to-read,,,,0,0
38819868,"My Sister, the Serial Killer",Oyinkan Braithwaite,"Braithwaite, Oyinkan",,"=""0385544235""","=""9780385544238""",0,3.64,Doubleday,Hardcover,226,2018,2018,,2025/08/12,"to-read, physical-tbr, fall-reads","to-read (#507), physical-tbr (#87), fall-reads (#2)",to-read,,,,0,0
62888185,Monstrilio,Gerardo Sámano Córdova,"Córdova, Gerardo Sámano",,"=""1638930376""","=""""",0,4.09,Zando,Kindle Edition,336,2023,2023,,2025/08/18,"to-read, fall-reads","to-read (#510), fall-reads (#1)",to-read,,,,0,0
215363278,The Song of the Blue Bottle Tree,India Hayford,"Hayford, India",,"=""1496753127""","=""9781496753120""",0,4.43,Kensington,Paperback,353,2025,,,2025/08/23,to-read,to-read (#513),to-read,,,,0,0
51199185,Darling,K. Ancrum,"Ancrum, K.",,"=""""","=""""",0,3.62,Imprint,Hardcover,288,2021,2021,,2025/08/22,to-read,to-read (#512),to-read,,,,0,0
231801371,"The Night We Met (Say You'll Remember Me, #2)",Abby Jimenez,"Jimenez, Abby",,"=""""","=""""",0,4.32,,Paperback,400,2026,2026,,2025/08/21,to-read,to-read (#511),to-read,,,,0,0
58065033,Lessons in Chemistry,Bonnie Garmus,"Garmus, Bonnie",,"=""""","=""""",4,4.28,Doubleday Books,Hardcover,390,2022,2022,2025/08/20,2023/02/16,physical-tbr,physical-tbr (#22),read,,,,1,0
211003837,Penitence,Kristin Koval,"Koval, Kristin",,"=""1250342996""","=""9781250342997""",0,3.67,Celadon Books,Hardcover,320,2025,2025,,2025/08/17,"to-read, physical-tbr","to-read (#509), physical-tbr (#90)",to-read,,,,0,0
50743767,Between Two Kingdoms: A Memoir of a Life Interrupted,Suleika Jaouad,"Jaouad, Suleika",,"=""0399588582""","=""9780399588587""",0,4.42,Random House,Hardcover,352,2021,2021,,2024/03/01,"to-read, physical-tbr","to-read (#347), physical-tbr (#89)",to-read,,,,0,0
61771675,Hello Beautiful,Ann Napolitano,"Napolitano, Ann",,"=""""","=""""",0,4.13,The Dial Press,Kindle Edition,416,2023,2023,,2023/06/13,"to-read, physical-tbr","to-read (#267), physical-tbr (#88)",to-read,,,,0,0
43245554,Radical Kindness: The Life-Changing Power of Giving and Receiving,Angela C. Santomero,"Santomero, Angela C.",,"=""0062939211""","=""9780062939210""",0,3.81,Harper Wave,Audible Audio,,2019,2019,,2025/08/16,to-read,to-read (#508),to-read,,,,0,0
199928276,The Love of My Afterlife,Kirsty Greenwood,"Greenwood, Kirsty",,"=""0593816137""","=""9780593816134""",0,4.05,Berkley,Paperback,369,2024,2024,,2025/08/12,to-read,to-read (#506),to-read,,,,0,0
222376906,Wild Reverence,Rebecca   Ross,"Ross, Rebecca",,"=""1250373352""","=""9781250373359""",0,4.41,Saturday Books,Hardcover,527,2025,2025,,2025/08/10,to-read,to-read (#505),to-read,,,,0,0
42519313,Nothing to See Here,Kevin    Wilson,"Wilson, Kevin",,"=""0062913484""","=""9780062913487""",0,3.96,Ecco,ebook,288,2019,2019,,2025/08/06,"to-read, physical-tbr","to-read (#504), physical-tbr (#86)",to-read,,,,0,0
218460255,Dan in Green Gables: A Graphic Novel,Rey Terciero,"Terciero, Rey",Claudia Aguirre,"=""0593385586""","=""9780593385586""",0,4.26,Penguin Workshop,Paperback,256,2025,2025,,2025/08/06,to-read,to-read (#503),to-read,,,,0,0
225910338,Son of the Morning,Akwaeke Emezi,"Emezi, Akwaeke",,"=""0063323184""","=""9780063323186""",0,3.94,Avon,Hardcover,320,2025,2025,,2025/08/06,to-read,to-read (#502),to-read,,,,0,0
220687884,Love Is a War Song,Danica Nava,"Nava, Danica",,"=""0593642627""","=""9780593642627""",0,3.84,Berkley,Paperback,336,2025,2025,,2025/08/06,to-read,to-read (#501),to-read,,,,0,0
60097448,"The Black Period: On Personhood, Race, and Origin",Hafizah Augustus Geter,"Geter, Hafizah Augustus",,"=""0593448642""","=""9780593448649""",0,4.32,Random House,Hardcover,448,2022,2022,,2025/08/05,to-read,to-read (#500),to-read,,,,0,0
50702014,"Paladin's Grace (The Saint of Steel, #1)",T. Kingfisher,"Kingfisher, T.",,"=""""","=""""",0,4.06,Red Wombat Studio,Kindle Edition,366,2020,2020,,2025/08/04,to-read,to-read (#499),to-read,,,,0,0
218674082,The Amalfi Curse,Sarah Penner,"Penner, Sarah",,"=""0778308006""","=""9780778308003""",3,3.84,Park Row,Hardcover,336,2025,2025,2025/07/31,2025/07/10,book-club-reads,book-club-reads (#14),read,,,,1,0
221521038,"Lights Out (Into Darkness, #1)",Navessa Allen,"Allen, Navessa",,"=""""","=""""",0,4.11,Zando – Slowburn,Kindle Edition,338,2024,2024,,2025/07/30,to-read,to-read (#498),to-read,,,,0,0
219838010,Big Dumb Eyes: Stories from a Simpler Mind,Nate Bargatze,"Bargatze, Nate",,"=""1538768461""","=""9781538768464""",0,3.74,Grand Central Publishing,Hardcover,240,2025,2025,2025/07/25,2025/04/07,,,read,"I enjoyed most of this book. It’s a wick, easy read that’s made so much more fun when hearing it in his voice. There are some misogynistic moments throughout that I didn’t love and I hope he figures out how to expand beyond his stupidity schtick but overall it was a good read. ",,,1,0
235993013,Is This a Cry for Help?,Emily R. Austin,"Austin, Emily R.",,"=""1668200236""","=""9781668200230""",0,4.31,Atria Books,Hardcover,304,2026,2026,,2025/07/24,to-read,to-read (#497),to-read,,,,0,0
231126842,Wolf Worm,T. Kingfisher,"Kingfisher, T.",,"=""1250829828""","=""9781250829825""",0,4.28,Tor Nightfire,Hardcover,288,2026,2026,,2025/07/24,to-read,to-read (#496),to-read,,,,0,0
219301746,Sounds Like Love,Ashley Poston,"Poston, Ashley",,"=""0593641000""","=""9780593641002""",0,3.90,Berkley,Paperback,384,2025,2025,,2025/07/23,to-read,to-read (#495),to-read,,,,0,0
38739562,With the Fire on High,Elizabeth Acevedo,"Acevedo, Elizabeth",,"=""0062662856""","=""9780062662859""",4,4.17,Quill Tree Books,ebook,395,2019,2019,2025/07/16,2021/08/20,"24-in-24, physical-tbr, 25-in-25","24-in-24 (#10), physical-tbr (#52), 25-in-25 (#22)",read,,,,1,0
57884665,Ander & Santi Were Here,Jonny Garza Villa,"Villa, Jonny Garza",,"=""1250843995""","=""9781250843999""",3,4.18,Wednesday Books,Hardcover,368,2023,2023,2025/07/15,2023/05/02,"24-in-24, physical-tbr","24-in-24 (#5), physical-tbr (#32)",read,"3.5 very emotional, really rooted for Zander and Santi. Not sure about the ending",,,1,0
59314692,The Pallbearers Club,Paul Tremblay,"Tremblay, Paul",,"=""0063069911""","=""9780063069916""",0,3.09,William Morrow,Hardcover,278,2022,2022,,2022/12/27,"to-read, physical-tbr","to-read (#202), physical-tbr (#85)",to-read,,,,0,0
43190272,"To Be Taught, If Fortunate",Becky Chambers,"Chambers, Becky",,"=""0062936018""","=""9780062936011""",0,4.20,Harper Voyager,Paperback,153,2019,2019,,2025/07/04,to-read,to-read (#492),to-read,,,,0,0
123027172,Leslie F*cking Jones,Leslie     Jones,"Jones, Leslie",,"=""1538706490""","=""9781538706497""",0,4.09,Grand Central Publishing,Hardcover,288,2023,2023,2025/07/02,2023/08/31,,,read,,,,1,0
207293815,Sky Full of Elephants,Cebo Campbell,"Campbell, Cebo",,"=""1668034921""","=""9781668034927""",5,3.85,Simon & Schuster,Hardcover,304,2024,2024,2025/06/28,2024/12/31,,,read,,,,2,0
199534613,Margo's Got Money Troubles,Rufi Thorpe,"Thorpe, Rufi",,"=""0063356589""","=""9780063356580""",0,3.83,William Morrow,Hardcover,304,2024,2024,,2025/06/26,"to-read, physical-tbr","to-read (#490), physical-tbr (#84)",to-read,,,,0,0
213243908,"First-Time Caller (Heartstrings, #1)",B.K. Borison,"Borison, B.K.",,"=""0593641191""","=""9780593641194""",5,3.97,Berkley,Paperback,448,2025,2025,2025/06/26,2025/03/17,,,read,Darn near perfect romance ,,,1,0
32758901,"All Systems Red (The Murderbot Diaries, #1)",Martha Wells,"Wells, Martha",,"=""""","=""""",0,4.12,Tor.com,ebook,144,2017,2017,,2025/06/21,to-read,to-read (#489),to-read,,,,0,0
58884736,The Measure,Nikki Erlick,"Erlick, Nikki",,"=""0063204207""","=""9780063204201""",0,3.97,William Morrow,Hardcover,353,2022,2022,,2025/06/21,to-read,to-read (#488),to-read,,,,0,0
7613,Animal Farm,George Orwell,"Orwell, George","Ann Patchett, Téa Obreht","=""""","=""""",0,4.01,Plume,Paperback,129,2003,,,2025/06/21,to-read,to-read (#487),to-read,,,,0,0
60811826,I Who Have Never Known Men,Jacqueline Harpman,"Harpman, Jacqueline","Ros Schwartz, Sophie Mackintosh","=""1945492600""","=""9781945492600""",0,4.12,Transit Books,Paperback,184,2022,1995,,2025/06/21,to-read,to-read (#486),to-read,,,,0,0
211004023,The Bones Beneath My Skin,T.J. Klune,"Klune, T.J.",,"=""1250890438""","=""9781250890436""",0,4.10,Tor Books,Hardcover,416,2025,2018,,2025/02/01,to-read,to-read (#485),to-read,,,,1,0
228691356,"Problematic Summer Romance (Not in Love, #2)",Ali Hazelwood,"Hazelwood, Ali",,"=""""","=""9798217188123""",0,3.86,Berkley,Hardcover,416,2025,2025,,2025/05/01,to-read,to-read (#484),to-read,,,,1,0
216247552,No More Tears: The Dark Secrets of Johnson & Johnson,Gardiner Harris,"Harris, Gardiner",,"=""059322986X""","=""9780593229866""",0,4.17,Random House,Hardcover,464,2025,2025,,2025/06/09,to-read,to-read (#482),to-read,,,,0,0
200555182,The Ornithologist's Field Guide to Love (Love's Academic #1),India Holton,"Holton, India",,"=""""","=""""",0,3.89,Berkley,Paperback,384,2024,2024,,2025/06/08,to-read,to-read (#481),to-read,,,,0,0
231299867,An Academy for Liars,Alexis Henderson,"Henderson, Alexis",,"=""0593638328""","=""9780593638323""",0,3.44,Ace,Paperback,464,2025,2024,,2025/06/08,to-read,to-read (#480),to-read,,,,0,0
217311813,Woodworking,Emily St. James,"James, Emily St.",,"=""163893147X""","=""9781638931478""",0,4.32,Crooked Media Reads,Hardcover,351,2025,2025,,2025/05/31,to-read,to-read (#478),to-read,,,,0,0
208841368,"Emily Wilde's Compendium of Lost Tales (Emily Wilde, #3)",Heather Fawcett,"Fawcett, Heather",,"=""0356519198""","=""9780356519197""",3,4.10,Orbit,Hardcover,368,2025,2025,2025/05/31,2024/05/06,,,read,3.5 protection Shadow at all costs,,,1,0
232187,"Charlie and the Chocolate Factory (Charlie Bucket, #1)",Roald Dahl,"Dahl, Roald",Quentin Blake,"=""0141301155""","=""9780141301150""",0,4.17,Puffin Books,Paperback,155,1998,1964,,2025/05/27,to-read,to-read (#477),to-read,,,,0,0
218460257,Battle of the Bookstores,Ali Brady,"Brady, Ali",,"=""0593640845""","=""9780593640845""",0,3.86,Berkley,Paperback,414,2025,2025,,2025/05/23,to-read,to-read (#476),to-read,,,,0,0
221473209,The Raven Boys: The Graphic Novel (The Raven Cycle: The Graphic Novels #1),Stephanie    Williams,"Williams, Stephanie","Maggie Stiefvater, Sas Milledge, Abel Ko","=""0593621182""","=""9780593621189""",0,4.35,Viking Books for Young Readers,Paperback,256,2025,2025,,2025/05/21,to-read,to-read (#475),to-read,,,,0,0
123416326,"Midnight Ruin (Dark Olympus, #6)",Katee Robert,"Robert, Katee",,"=""""","=""""",2,3.69,Sourcebooks Casablanca,Kindle Edition,316,2024,2024,2025/05/14,2024/01/07,,,read,,,,1,0
40046077,Women Talking,Miriam Toews,"Toews, Miriam",,"=""1635572584""","=""9781635572582""",0,3.62,Bloomsbury Publishing,Hardcover,216,2019,2018,,2025/05/10,to-read,to-read (#474),to-read,,,,0,0
5203,She’s Come Undone,Wally Lamb,"Lamb, Wally",,"=""0671021001""","=""9780671021009""",0,3.92,Pocket,Mass Market Paperback,465,1998,1992,,2020/10/27,"to-read, 25-in-25, physical-tbr","to-read (#62), 25-in-25 (#6), physical-tbr (#82)",to-read,,,,0,0
195820807,"Just for the Summer (Part of Your World, #3)",Abby Jimenez,"Jimenez, Abby",,"=""1538704439""","=""9781538704431""",5,4.35,Forever,Paperback,432,2024,2024,2025/05/05,2023/12/10,"25-in-25, physical-tbr","25-in-25 (#3), physical-tbr (#75)",read,,,,1,0
203237161,Passion Project,London Sperry,"Sperry, London",,"=""0143138561""","=""9780143138563""",0,3.79,Penguin Books,Paperback,368,2025,2025,,2025/05/03,to-read,to-read (#473),to-read,,,,0,0
56179382,Comfort Me with Apples,Catherynne M. Valente,"Valente, Catherynne M.",,"=""1250816211""","=""9781250816214""",5,3.56,Tordotcom,Hardcover,103,2021,2021,2025/05/02,2024/09/27,25-in-25,25-in-25 (#15),read,,,,1,0
222532834,Real Americans,Rachel Khong,"Khong, Rachel",,"=""0593685148""","=""9780593685143""",0,3.95,Vintage,Paperback,416,2025,2024,,2025/05/01,to-read,to-read (#472),to-read,,,,0,0
59554666,The Boy With the Bookstore,Sarah Echavarre Smith,"Smith, Sarah Echavarre",,"=""0593545982""","=""9780593545980""",0,3.16,Berkley,Paperback,352,2022,2022,,2025/04/28,to-read,to-read (#471),to-read,,,,0,0
48715812,The Flatshare,Beth O'Leary,"O'Leary, Beth",,"=""1250295637""","=""9781250295637""",0,3.98,Flatiron Books,Hardcover,328,2019,2019,,2022/02/17,"to-read, physical-tbr","to-read (#148), physical-tbr (#38)",to-read,,,,0,0
218572920,Great Big Beautiful Life,Emily Henry,"Henry, Emily",,"=""""","=""""",0,3.97,Berkley,Kindle Edition,427,2025,2025,,2025/04/21,to-read,to-read (#469),to-read,,,,0,0
286957,The Yellow Wall-Paper,Charlotte Perkins Gilman,"Gilman, Charlotte Perkins",Elaine R. Hedges,"=""1558611584""","=""9781558611580""",0,4.07,The Feminist Press at CUNY,Paperback,62,1996,1892,,2025/04/20,to-read,to-read (#468),to-read,,,,0,0
57168591,Little Pieces of Hope: Happy-Making Things in a Difficult World,Todd Doughty,"Doughty, Todd",Josie Portillo,"=""0143136569""","=""9780143136569""",0,4.07,Penguin Life,Paperback,256,2021,,,2025/04/19,to-read,to-read (#467),to-read,,,,0,0
26114135,All the Ugly and Wonderful Things,Bryn Greenwood,"Greenwood, Bryn",,"=""""","=""""",4,3.98,Thomas Dunne Books,Hardcover,432,2016,2016,,2025/01/11,book-club-reads,book-club-reads (#12),read,,,,2,0
209770889,Once Upon You and Me,Timothy Janovsky,"Janovsky, Timothy",,"=""1335574964""","=""9781335574961""",0,3.65,Afterglow Books by Harlequin,Paperback,288,2025,2025,,2025/04/16,to-read,to-read (#466),to-read,,,,0,0
220259184,Heartwood,Amity Gaige,"Gaige, Amity",,"=""1668063603""","=""9781668063606""",0,3.94,Simon & Schuster,Hardcover,320,2025,2025,,2025/04/14,"to-read, book-club-reads","to-read (#465), book-club-reads (#13)",to-read,,,,0,0
217182552,Say You'll Remember Me,Abby Jimenez,"Jimenez, Abby",,"=""1538759195""","=""9781538759196""",0,4.02,Forever,Hardcover,368,2025,2025,,2024/12/16,"to-read, physical-tbr","to-read (#407), physical-tbr (#81)",to-read,,,,0,0
232576,Harriet the Spy,Louise Fitzhugh,"Fitzhugh, Louise",,"=""0440416795""","=""9780440416791""",0,3.95,Yearling,Mass Market Paperback,300,2002,1964,,2020/11/28,"24-in-24, physical-tbr, to-read","24-in-24 (#13), physical-tbr (#43), to-read (#464)",to-read,,,,1,0
30278755,Big Magic: Creative Living Beyond Fear,Elizabeth Gilbert,"Gilbert, Elizabeth",,"=""1594634726""","=""9781594634727""",0,3.96,Riverhead Books,Paperback,276,2016,2015,,2025/04/07,to-read,to-read (#463),to-read,,,,0,0
199531938,"The Au Pair Affair (Big Shots, #2)",Tessa Bailey,"Bailey, Tessa",,"=""0063308436""","=""9780063308435""",2,3.59,Avon,Paperback,384,2024,2024,2025/04/06,2024/03/24,"physical-tbr, 25-in-25","physical-tbr (#13), 25-in-25 (#2)",read,2.5<br/>Not my favorite. And the editor should be fired based solely on the number of times I read Burgess “dragged five fingers through his hair.” ,,,1,0
2114086,The Willoughbys,Lois Lowry,"Lowry, Lois",,"=""0618979743""","=""9780618979745""",0,3.81,Houghton Mifflin Company,Hardcover,174,2008,2008,,2025/03/31,to-read,to-read (#462),to-read,,,,0,0
77390,"Anne of Avonlea (Anne of Green Gables, #2)",L.M. Montgomery,"Montgomery, L.M.",,"=""0553213148""","=""9780553213140""",0,4.23,Bantam Books,Mass Market Paperback,276,1992,1909,,2025/03/31,to-read,to-read (#461),to-read,,,,0,0
157993,The Little Prince,Antoine de Saint-Exupéry,"Saint-Exupéry, Antoine de",Richard Howard,"=""0152023984""","=""9780152023980""",0,4.33,"Harcourt, Inc.",Hardcover,96,2000,1943,,2025/03/31,to-read,to-read (#459),to-read,,,,0,0
211003829,The Good Mother Myth: Unlearning Our Bad Ideas About How to Be a Good Mom,Nancy Reddy,"Reddy, Nancy",,"=""1250336643""","=""9781250336644""",0,3.59,St. Martin's Press,Hardcover,256,2025,2025,,2025/03/29,to-read,to-read (#458),to-read,,,,0,0
212991742,How to Lose a Goblin in Ten Days: Tales from Hawthorne Cottage,Jessie Sylva,"Sylva, Jessie",,"=""035652485X""","=""9780356524856""",0,3.96,Orbit,Kindle Edition,384,2026,2026,,2025/03/25,to-read,to-read (#457),to-read,,,,0,0
43352954,This Is How You Lose the Time War,Amal El-Mohtar,"El-Mohtar, Amal",Max Gladstone,"=""""","=""""",4,3.85,Saga Press,ebook,209,2019,2019,2025/03/21,2024/02/11,25-in-25,25-in-25 (#11),read,,,,1,0
213870084,"One Day, Everyone Will Have Always Been Against This",Omar El Akkad,"Akkad, Omar El",,"=""0593804147""","=""9780593804148""",5,4.64,Knopf,Hardcover,208,2025,2025,2025/03/17,2024/08/15,,,read,,,,1,0
220817728,Atmosphere,Taylor Jenkins Reid,"Reid, Taylor Jenkins",,"=""""","=""""",0,4.35,Ballantine Books,Hardcover,352,2025,2025,,2025/03/17,to-read,to-read (#456),to-read,,,,0,0
38244358,"In an Absent Dream (Wayward Children, #4)",Seanan McGuire,"McGuire, Seanan",,"=""0765399288""","=""9780765399281""",4,4.16,Tordotcom,Kindle Edition,187,2019,2019,2025/03/16,2024/05/07,25-in-25,25-in-25 (#10),read,,,,1,0
58986626,Mother Ocean Father Nation,Nishant Batsha,"Batsha, Nishant",,"=""0063211785""","=""9780063211780""",0,3.73,Ecco,Hardcover,336,2022,2022,,2023/01/13,"to-read, physical-tbr","to-read (#219), physical-tbr (#80)",to-read,,,,0,0
199798179,The Ministry of Time,Kaliane Bradley,"Bradley, Kaliane",,"=""1668045141""","=""9781668045145""",0,3.58,Avid Reader Press / Simon & Schuster,Hardcover,339,2024,2024,,2025/03/12,"to-read, physical-tbr","to-read (#455), physical-tbr (#79)",to-read,,,,0,0
203337138,By Any Other Name,Jodi Picoult,"Picoult, Jodi",,"=""0593497228""","=""9780593497227""",0,4.11,Ballantine Books,Kindle Edition,528,2024,2024,,2024/10/15,"book-club-reads, to-read, physical-tbr","book-club-reads (#5), to-read (#451), physical-tbr (#78)",to-read,,,,1,0
206101578,"The Nightmare Before Kissmas (Royals and Romance, #1)",Sara Raasch,"Raasch, Sara",,"=""1250333199""","=""9781250333193""",0,3.94,Bramble,Paperback,357,2024,2024,,2025/01/09,"to-read, physical-tbr","to-read (#432), physical-tbr (#77)",to-read,,,,0,0
211003759,All the Water in the World,Eiren Caffall,"Caffall, Eiren",,"=""1250353521""","=""9781250353528""",0,3.58,St. Martin's Press,Hardcover,295,2025,2025,,2025/01/05,"to-read, physical-tbr","to-read (#426), physical-tbr (#76)",to-read,,,,0,0
212808709,Deep End,Ali Hazelwood,"Hazelwood, Ali",,"=""""","=""""",3,3.88,Berkley,Kindle Edition,464,2025,2025,2025/03/11,2024/08/15,,,read,,,,1,0
8127,"Anne of Green Gables (Anne of Green Gables, #1)",L.M. Montgomery,"Montgomery, L.M.",Jennifer Lee Carrell,"=""0451528824""","=""9780451528827""",4,4.33,Signet,Mass Market Paperback,320,2003,1908,2025/01/19,2020/10/05,"physical-tbr, book-club-reads","physical-tbr (#11), book-club-reads (#11)",read,,,,1,0
134115623,"The Red Thread, Vol. 1 (The Red Thread, #1)",Lazysheep,"Lazysheep, Lazysheep","Chi Bui, Emma Schumacker","=""1975364090""","=""9781975364090""",0,4.28,Yen Press,Paperback,162,2023,,2024/02/05,2024/02/02,,,read,,,,1,0
223199392,The Fall Risk,Abby Jimenez,"Jimenez, Abby",,"=""1662529082""","=""9781662529085""",0,4.08,Amazon Original Stories,Kindle Edition,81,2025,2025,,2025/03/06,to-read,to-read (#454),to-read,,,,0,0
59629560,The Women Could Fly,Megan Giddings,"Giddings, Megan",,"=""0063116995""","=""9780063116993""",4,3.58,Amistad,Hardcover,288,2022,2022,2025/03/06,2022/08/05,,,read,,,,1,0
215361966,Good Soil: The Education of an Accidental Farmhand,Jeff Chu,"Chu, Jeff",,"=""0593727363""","=""9780593727362""",0,4.03,Convergent Books,Hardcover,314,2025,2025,,2025/03/05,to-read,to-read (#452),to-read,,,,0,0
211004927,"Cleavage: Men, Women, and the Space Between Us",Jennifer Finney Boylan,"Boylan, Jennifer Finney",,"=""1250261880""","=""9781250261885""",0,3.65,Celadon Books,Hardcover,256,2025,2025,2025/03/04,2025/02/03,,,read,,,,1,0
195430723,"The Swans of Harlem: Five Black Ballerinas, Fifty Years of Sisterhood, and Their Reclamation of a Groundbreaking History",Karen Valby,"Valby, Karen",,"=""0593317521""","=""9780593317525""",0,4.22,Pantheon,Hardcover,304,2024,2024,,2025/03/01,to-read,to-read (#450),to-read,,,,0,0
182761607,Housewife: Why Women Still Do It All and What to Do Instead,Lisa Selin Davis,"Davis, Lisa Selin",,"=""1538722887""","=""9781538722886""",0,3.78,Legacy Lit,Hardcover,320,2024,2024,,2025/03/01,to-read,to-read (#449),to-read,,,,0,0
53260224,White Tears/Brown Scars: How White Feminism Betrays Women of Color,Ruby Hamad,"Hamad, Ruby",,"=""194822674X""","=""9781948226745""",0,4.55,Catapult,Paperback,284,2020,2020,,2025/03/01,to-read,to-read (#448),to-read,,,,0,0
25422234,Notorious RBG: The Life and Times of Ruth Bader Ginsburg,Irin Carmon,"Carmon, Irin",Shana Knizhnik,"=""0062415832""","=""9780062415837""",0,4.18,Dey Street Books,Hardcover,240,2015,2015,2025/02/16,2023/03/07,,,read,,,,1,0
59900678,On Critical Race Theory: Why It Matters & Why You Should Care,Victor Ray,"Ray, Victor",,"=""0593446445""","=""9780593446447""",0,4.37,Random House,Hardcover,176,2022,,,2025/02/11,to-read,to-read (#447),to-read,,,,0,0
60579828,Whiteout,Dhonielle Clayton,"Clayton, Dhonielle","Tiffany D. Jackson, Nic Stone, Angie Thomas, Ashley Woodfolk, Nicola Yoon","=""0063088142""","=""9780063088146""",3,3.61,Quill Tree Books,Hardcover,291,2022,2022,2025/02/09,2023/04/24,"24-in-24, physical-tbr","24-in-24 (#8), physical-tbr (#53)",read,,,,1,0
199844040,Down with the System: A Memoir (of Sorts),Serj Tankian,"Tankian, Serj",,"=""0306831929""","=""9780306831928""",0,4.44,Da Capo,Hardcover,352,2024,,,2025/02/09,to-read,to-read (#446),to-read,,,,0,0
48570454,Transcendent Kingdom,Yaa Gyasi,"Gyasi, Yaa",,"=""""","=""""",0,4.10,Knopf,Hardcover,264,2020,2020,,2020/11/04,"to-read, physical-tbr","to-read (#73), physical-tbr (#74)",to-read,,,,0,0
41057294,Normal People,Sally Rooney,"Rooney, Sally",,"=""1984822179""","=""9781984822178""",5,3.81,Crown,Hardcover,273,2019,2018,2025/02/01,2020/10/07,"physical-tbr, 25-in-25","physical-tbr (#21), 25-in-25 (#17)",read,,,,1,0
55959466,Black AF History: The Un-Whitewashed Story of America,Michael Harriot,"Harriot, Michael",,"=""0358439167""","=""9780358439165""",0,4.60,Dey Street Books,Hardcover,432,2023,2023,,2025/01/31,to-read,to-read (#445),to-read,,,,0,0
196859498,Wild Life: Finding My Purpose in an Untamed World,Rae Wynn-Grant,"Wynn-Grant, Rae",,"=""1638930406""","=""9781638930402""",0,3.94,Get Lifted Books,Hardcover,288,2024,2024,,2025/01/31,to-read,to-read (#444),to-read,,,,0,0
31443394,"Beartown (Beartown, #1)",Fredrik Backman,"Backman, Fredrik",Neil   Smith,"=""1501160761""","=""9781501160769""",3,4.29,Atria Books,Hardcover,418,2017,2016,2025/01/21,2023/05/30,"24-in-24, physical-tbr","24-in-24 (#14), physical-tbr (#36)",read,3.5 the first half dragged something awful but I couldn’t put it down once it got to the second half,,,1,0
214438316,And They Were Roommates,Page Powars,"Powars, Page",,"=""1250347653""","=""9781250347657""",0,3.70,Roaring Brook Press,Hardcover,320,2025,2025,,2025/01/19,to-read,to-read (#443),to-read,,,,0,0
217388302,Hemlock & Silver,T. Kingfisher,"Kingfisher, T.",,"=""1250342031""","=""9781250342034""",0,4.09,Tor Books,Hardcover,368,2025,2025,,2025/01/15,to-read,to-read (#441),to-read,,,,0,0
217388100,"The Enchanted Greenhouse (Spellshop, #2)",Sarah Beth Durst,"Durst, Sarah Beth",,"=""1250333989""","=""9781250333988""",0,4.17,Bramble,Hardcover,375,2025,2025,,2025/01/15,to-read,to-read (#440),to-read,,,,0,0
216879705,Never Thought I'd End Up Here,Ann Liang,"Liang, Ann",,"=""1546110674""","=""9781546110675""",0,4.05,Scholastic Press,Hardcover,320,2025,2025,,2025/01/13,to-read,to-read (#439),to-read,,,,0,0
199288865,When Love Gives You Lemons,Steven Salvatore,"Salvatore, Steven",,"=""""","=""""",0,3.88,Bloomsbury YA,Unknown Binding,,2025,2025,,2025/01/13,to-read,to-read (#438),to-read,,,,0,0
218422214,Audre & Bash Are Just Friends,Tia Williams,"Williams, Tia",,"=""031648069X""","=""9780316480697""",0,4.08,"Little, Brown Books for Young Readers",Kindle Edition,379,2025,2025,,2025/01/13,to-read,to-read (#437),to-read,,,,0,0
217387810,The Love Haters,Katherine Center,"Center, Katherine",,"=""1250283825""","=""9781250283825""",0,3.81,St. Martin's Press,Hardcover,309,2025,2025,,2025/01/13,to-read,to-read (#436),to-read,,,,0,0
217245639,One Golden Summer,Carley Fortune,"Fortune, Carley",,"=""0593638913""","=""9780593638910""",0,4.31,Berkley,Paperback,401,2025,2025,,2025/01/13,to-read,to-read (#435),to-read,,,,0,0
213186396,"The Strawberry Patch Pancake House (Dream Harbor, #4)",Laurie Gilmore,"Gilmore, Laurie",,"=""0008713340""","=""9780008713348""",0,3.89,HarperCollins,Paperback,384,2025,2025,,2025/01/13,to-read,to-read (#434),to-read,,,,0,0
214283601,"Dream Girl Drama (Big Shots, #3)",Tessa Bailey,"Bailey, Tessa",,"=""0063380781""","=""9780063380783""",0,3.41,Avon,Paperback,320,2025,2025,,2025/01/13,to-read,to-read (#433),to-read,,,,0,0
61190770,Chain-Gang All-Stars,Nana Kwame Adjei-Brenyah,"Adjei-Brenyah, Nana Kwame",,"=""0593317335""","=""9780593317334""",0,4.12,Pantheon,Hardcover,367,2023,2023,,2024/12/25,"to-read, physical-tbr","to-read (#411), physical-tbr (#73)",to-read,,,,0,0
56179360,Light from Uncommon Stars,Ryka Aoki,"Aoki, Ryka",,"=""1250789060""","=""9781250789068""",0,4.04,Tor Books,Hardcover,384,2021,2021,,2023/01/15,"to-read, physical-tbr","to-read (#221), physical-tbr (#72)",to-read,,,,0,0
31463,Far From the Madding Crowd,Thomas Hardy,"Hardy, Thomas","Rosemarie Morgan, Shannon Russell","=""""","=""""",0,3.97,Penguin Books,Paperback,433,2003,1874,,2021/07/18,"to-read, 25-in-25, physical-tbr","to-read (#120), 25-in-25 (#7), physical-tbr (#71)",to-read,,,,0,0
60420293,"Ten Thousand Stitches (Regency Faerie Tales, #2)",Olivia Atwater,"Atwater, Olivia",,"=""031646290X""","=""9780316462907""",0,3.93,Orbit,Paperback,288,2022,2020,,2024/02/28,"to-read, physical-tbr","to-read (#343), physical-tbr (#70)",to-read,,,,0,0
89144437,The Spirit Bares Its Teeth,Andrew Joseph White,"White, Andrew Joseph",,"=""1682636186""","=""9781682636183""",0,4.46,Peachtree Teen,Kindle Edition,399,2023,2023,,2024/07/10,"to-read, 25-in-25, physical-tbr","to-read (#371), 25-in-25 (#4), physical-tbr (#69)",to-read,,,,0,0
198902277,The Wedding People,Alison Espach,"Espach, Alison",,"=""""","=""""",0,4.09,Henry Holt and Company,Hardcover,367,2024,2024,,2025/01/06,"to-read, physical-tbr","to-read (#427), physical-tbr (#67)",to-read,,,,0,0
112972173,"The Wedding Witch (The Ex Hex, #3)",Erin Sterling,"Sterling, Erin",,"=""1035405342""","=""9781035405343""",0,3.66,Headline Eternal,Kindle Edition,352,2024,2024,,2023/02/25,"to-read, physical-tbr","to-read (#228), physical-tbr (#66)",to-read,,,,0,0
199798217,The Lion Women of Tehran,Marjan Kamali,"Kamali, Marjan",,"=""1668036584""","=""9781668036587""",0,4.48,Gallery Books,Hardcover,327,2024,2024,,2025/01/06,to-read,to-read (#430),to-read,,,,0,0
173754979,James,Percival Everett,"Everett, Percival",,"=""0385550367""","=""9780385550369""",0,4.45,Knopf Doubleday,Hardcover,303,2024,2024,,2025/01/06,to-read,to-read (#429),to-read,,,,0,0
133938826,Welcome to the Hyunam-Dong Bookshop,Hwang Bo-Reum,"Bo-Reum, Hwang",Shanna Tan,"=""""","=""""",0,3.90,Bloomsbury Publishing,Hardcover,307,2024,2022,,2025/01/06,to-read,to-read (#428),to-read,,,,0,0
211004123,Beautiful Ugly,Alice Feeney,"Feeney, Alice",,"=""125033778X""","=""9781250337788""",0,3.60,Flatiron Books,Hardcover,306,2025,2025,,2025/01/05,to-read,to-read (#425),to-read,,,,0,0
211399784,The Favorites,Layne Fargo,"Fargo, Layne",,"=""0593732049""","=""9780593732045""",0,4.07,Random House,Hardcover,437,2025,2025,,2025/01/05,to-read,to-read (#424),to-read,,,,0,0
63065383,"Cruel Seduction (Dark Olympus, #5)",Katee Robert,"Robert, Katee",,"=""1728262763""","=""9781728262765""",3,3.69,Sourcebooks Casablanca,Paperback,384,2023,2023,2025/01/04,2023/07/31,,,read,,,,1,0
60560037,Scattered Showers: Stories,Rainbow Rowell,"Rowell, Rainbow",,"=""1250855411""","=""9781250855411""",3,3.94,Wednesday Books,Hardcover,288,2022,2022,2023/07/01,2023/05/08,book-club-reads,book-club-reads (#10),read,,,,1,0
50607466,"The Henna Artist (The Jaipur Trilogy, #1)",Alka Joshi,"Joshi, Alka",,"=""0778310205""","=""9780778310204""",3,4.18,Mira Books,Paperback,384,2020,2020,2024/07/15,2024/04/14,book-club-reads,book-club-reads (#9),read,,,,1,0
30555488,The Underground Railroad,Colson Whitehead,"Whitehead, Colson",,"=""0385542364""","=""9780385542364""",3,4.06,Doubleday,Hardcover,306,2016,2016,2023/09/28,2023/07/09,book-club-reads,book-club-reads (#8),read,,,,1,0
61718053,Happy Place,Emily Henry,"Henry, Emily",,"=""0593441273""","=""9780593441275""",3,3.95,Berkley,Hardcover,400,2023,2023,2024/08/17,2022/12/07,"24-in-24, book-club-reads","24-in-24 (#6), book-club-reads (#7)",read,3.5. Loved the last third.,,,1,0
231804,The Outsiders,S.E. Hinton,"Hinton, S.E.",,"=""0670532576""","=""9780670532575""",4,4.14,Puffin Books (US/CAN),Mass Market Paperback,208,1997,1967,2024/07/25,2023/10/06,book-club-reads,book-club-reads (#6),read,,,,1,0
41837243,Lock Every Door,Riley Sager,"Sager, Riley",,"=""1524745154""","=""9781524745158""",3,3.89,Dutton,ebook,381,2019,2019,2023/11/23,2023/09/29,book-club-reads,book-club-reads (#4),read,3.5 ⭐️⭐️⭐️,,,1,0
55628983,Survive the Night,Riley Sager,"Sager, Riley",,"=""0593183169""","=""9780593183168""",2,3.52,Dutton,Hardcover,336,2021,2021,2024/10/21,2024/08/22,book-club-reads,book-club-reads (#3),read,2.5 ,,,1,0
1885,Pride and Prejudice,Jane Austen,"Austen, Jane",Anna Quindlen,"=""1441341706""","=""9781441341709""",5,4.29,Modern Library,Paperback,279,2023,1813,2024/02/11,2020/10/13,"favorites, book-club-reads","favorites (#8), book-club-reads (#2)",read,,,,1,0
65678550,The Heaven & Earth Grocery Store,James   McBride,"McBride, James",,"=""0593422945""","=""9780593422946""",3,3.92,Riverhead Books,Hardcover,400,2023,2023,2024/04/05,2023/05/15,book-club-reads,book-club-reads (#1),read,3.5,,,1,0
212806648,Junie,Erin Crosby Eckstine,"Eckstine, Erin Crosby",,"=""0593725115""","=""9780593725115""",0,4.19,Ballantine Books,Hardcover,368,2025,2025,,2025/01/01,to-read,to-read (#423),to-read,,,,0,0
212421041,How to Sleep at Night,Elizabeth        Harris,"Harris, Elizabeth",,"=""0063353237""","=""9780063353237""",0,3.38,William Morrow,Hardcover,304,2025,2025,,2025/01/01,to-read,to-read (#422),to-read,,,,0,0
58943206,Window Shopping,Tessa Bailey,"Bailey, Tessa",,"=""""","=""9798201597160""",2,3.47,,ebook,258,2021,2021,2024/12/29,2021/11/29,,,read,,,,1,0
209116944,"Shattered Gods (Dark Olympus, #10)",Katee Robert,"Robert, Katee",,"=""""","=""""",0,4.22,,Paperback,352,2026,2026,,2024/12/25,to-read,to-read (#421),to-read,,,,0,0
209116165,"Sweet Obsession (Dark Olympus, #8)",Katee Robert,"Robert, Katee",,"=""""","=""""",0,3.59,Sourcebooks Casablanca,Kindle Edition,336,2025,2025,,2024/12/25,to-read,to-read (#420),to-read,,,,0,0
202019852,A Little Surprise (Dark Olympus #3.5),Katee Robert,"Robert, Katee",,"=""""","=""""",0,3.67,Katee Robert Patreon,ebook,13,2022,,,2024/12/25,to-read,to-read (#419),to-read,,,,0,0
107357118,Wicked Beauty Epilogue (Dark Olympus),Katee Robert,"Robert, Katee",,"=""""","=""""",0,3.45,,ebook,12,2022,,,2024/12/25,to-read,to-read (#418),to-read,,,,0,0
62872570,"Zeus and Hera (Dark Olympus, #2.5)",Katee Robert,"Robert, Katee",,"=""""","=""""",0,4.02,,ebook,8,2022,,,2024/12/25,to-read,to-read (#417),to-read,,,,0,0
59125732,"Hades and Hades (Dark Olympus, #1.5)",Katee Robert,"Robert, Katee",,"=""""","=""""",0,3.93,,ebook,45,2021,2021,,2024/12/25,to-read,to-read (#416),to-read,,,,0,0
63841848,Turkey Day (Dark Olympus #1.2),Katee Robert,"Robert, Katee",,"=""""","=""""",0,3.84,,ebook,15,2022,2022,,2024/12/25,to-read,to-read (#415),to-read,,,,0,0
107524940,"First Holiday (Dark Olympus, #1.1)",Katee Robert,"Robert, Katee",,"=""""","=""""",0,3.54,,Kindle Edition,,2022,,,2024/12/25,to-read,to-read (#414),to-read,,,,0,0
62171046,"Dark Restraint (Dark Olympus, #7)",Katee Robert,"Robert, Katee",,"=""1728262828""","=""9781728262826""",0,3.47,Sourcebooks Casablanca,Paperback,300,2024,2024,,2024/12/25,to-read,to-read (#413),to-read,,,,0,0
60118116,"Stone Heart (Dark Olympus, #0.5)",Katee Robert,"Robert, Katee",,"=""""","=""""",0,3.37,Trinkets and Tales LLC,ebook,108,2022,2022,,2024/12/25,to-read,to-read (#412),to-read,,,,0,0
61492455,Unlikeable Female Characters: Flawed Female Characters and the Power They Hold,Anna Bogutskaya,"Bogutskaya, Anna",Terri White,"=""1728274745""","=""9781728274744""",0,3.69,Sourcebooks,Paperback,340,2023,2023,,2023/08/13,"to-read, 25-in-25","to-read (#292), 25-in-25 (#25)",to-read,,,,0,0
62919356,"Immortal Longings (Flesh and False Gods, #1)",Chloe Gong,"Gong, Chloe",,"=""1668000229""","=""9781668000229""",0,3.53,S&S/Saga Press,Hardcover,372,2023,2023,,2023/05/15,"to-read, 24-in-24, physical-tbr, 25-in-25","to-read (#250), 24-in-24 (#4), physical-tbr (#47), 25-in-25 (#24)",to-read,,,,0,0
38447,"The Handmaid’s Tale (The Handmaid's Tale, #1)",Margaret Atwood,"Atwood, Margaret",,"=""038549081X""","=""9780385490818""",0,4.15,Anchor Books,Paperback,311,1998,1985,,2020/10/04,"to-read, physical-tbr, 25-in-25","to-read (#9), physical-tbr (#5), 25-in-25 (#23)",to-read,,,,0,0
32620332,The Seven Husbands of Evelyn Hugo,Taylor Jenkins Reid,"Reid, Taylor Jenkins",,"=""1501139231""","=""9781501139239""",0,4.40,Atria Books,Hardcover,389,2017,2017,,2020/12/31,"to-read, 24-in-24, physical-tbr, 25-in-25","to-read (#89), 24-in-24 (#23), physical-tbr (#20), 25-in-25 (#21)",to-read,,,,0,0
58813189,Adult Assembly Required,Abbi Waxman,"Waxman, Abbi",,"=""059319876X""","=""9780593198766""",0,3.71,Berkley ,Paperback,374,2022,2022,,2023/01/13,"to-read, physical-tbr, 25-in-25","to-read (#220), physical-tbr (#31), 25-in-25 (#20)",to-read,,,,0,0
35053988,The Wise and the Wicked,Rebecca Podos,"Podos, Rebecca",,"=""""","=""""",0,3.49,HarperCollins/Balzer + Bray,ebook,368,2019,2019,,2021/12/18,"to-read, 25-in-25","to-read (#136), 25-in-25 (#19)",to-read,,,,0,0
57773248,Notes on an Execution,Danya Kukafka,"Kukafka, Danya",,"=""0063052733""","=""9780063052734""",0,4.04,William Morrow,Hardcover,306,2022,2022,,2022/10/05,"to-read, physical-tbr, 25-in-25","to-read (#182), physical-tbr (#61), 25-in-25 (#18)",to-read,,,,0,0
54814676,Crying in H Mart,Michelle Zauner,"Zauner, Michelle",,"=""0525657746""","=""9780525657743""",0,4.24,Knopf,Hardcover,256,2021,2021,,2023/06/22,"to-read, 25-in-25","to-read (#272), 25-in-25 (#16)",to-read,,,,0,0
17465709,"Braiding Sweetgrass: Indigenous Wisdom, Scientific Knowledge, and the Teachings of Plants",Robin Wall Kimmerer,"Kimmerer, Robin Wall",,"=""1571313354""","=""9781571313355""",0,4.51,Milkweed Editions,Hardcover,408,2013,2013,,2023/08/07,"to-read, 25-in-25","to-read (#289), 25-in-25 (#13)",to-read,,,,0,0
36229962,The Deal of a Lifetime,Fredrik Backman,"Backman, Fredrik",,"=""150119349X""","=""9781501193491""",3,3.81,Atria Books,Hardcover,65,2017,2017,2024/12/23,2024/12/17,,,read,,,,1,0
219848315,The Emperor of Gladness,Ocean Vuong,"Vuong, Ocean",,"=""059383187X""","=""9780593831878""",0,3.95,Penguin Press,Hardcover,416,2025,2025,,2024/12/20,to-read,to-read (#410),to-read,,,,0,0
27071490,Homegoing,Yaa Gyasi,"Gyasi, Yaa",,"=""""","=""""",0,4.47,Alfred A. Knopf,Hardcover,305,2016,2016,,2023/07/02,"to-read, 25-in-25","to-read (#273), 25-in-25 (#9)",to-read,,,,0,0
17675462,"The Raven Boys (The Raven Cycle, #1)",Maggie Stiefvater,"Stiefvater, Maggie",,"=""0545424925""","=""9780545424929""",0,4.05,Scholastic Press,Hardcover,409,2012,2012,,2021/04/12,"to-read, physical-tbr, 25-in-25","to-read (#104), physical-tbr (#56), 25-in-25 (#8)",to-read,,,,0,0
63068384,Tress of the Emerald Sea,Brandon Sanderson,"Sanderson, Brandon",Howard Lyon,"=""1250899656""","=""9781250899651""",0,4.33,Tor Books,Hardcover,384,2023,2023,,2024/04/09,"to-read, 25-in-25","to-read (#351), 25-in-25 (#5)",to-read,,,,0,0
199347538,"Somewhere Beyond the Sea (Cerulean Chronicles, #2)",T.J. Klune,"Klune, T.J.",,"=""125088120X""","=""9781250881205""",0,4.13,Tor Books,Hardcover,416,2024,2024,,2023/12/11,"to-read, physical-tbr, 25-in-25","to-read (#319), physical-tbr (#15), 25-in-25 (#1)",to-read,,,,0,0
54369251,A Wizard’s Guide to Defensive Baking,T. Kingfisher,"Kingfisher, T.",,"=""1614505241""","=""9781614505242""",0,4.06,Argyll Productions,Paperback,306,2020,2020,,2024/12/17,to-read,to-read (#408),to-read,,,,0,0
158649729,All in Her Head: The Truth and Lies Early Medicine Taught Us About Women's Bodies and Why It Matters Today,Elizabeth Comen,"Comen, Elizabeth",,"=""0063293013""","=""9780063293014""",0,4.34,Harper Wave,Hardcover,368,2024,2024,,2024/12/09,to-read,to-read (#406),to-read,,,,0,0
50833559,Home Before Dark,Riley Sager,"Sager, Riley",,"=""1524745170""","=""9781524745172""",0,4.05,Dutton Books,Hardcover,389,2020,2020,,2024/12/08,to-read,to-read (#405),to-read,,,,0,0
50892433,One by One,Ruth Ware,"Ware, Ruth",,"=""""","=""""",0,3.72,Scout Press,Hardcover,372,2020,2020,,2024/12/07,to-read,to-read (#404),to-read,,,,0,0
36896898,Spinning Silver,Naomi Novik,"Novik, Naomi",,"=""""","=""""",0,4.18,Del Rey,ebook,465,2018,2018,,2024/12/07,to-read,to-read (#403),to-read,,,,0,0
201751300,The Bookshop: A History of the American Bookstore,Evan Friss,"Friss, Evan",,"=""0593299922""","=""9780593299920""",0,3.91,Viking,Hardcover,416,2024,2024,,2024/12/04,to-read,to-read (#402),to-read,,,,0,0
198716261,"Not in Love (Not in Love, #1)",Ali Hazelwood,"Hazelwood, Ali",,"=""1408728915""","=""9781408728918""",3,3.64,Berkley,Kindle Edition,394,2024,2024,2024/12/01,2023/12/10,physical-tbr,physical-tbr (#16),read,,,,1,0
219876684,The Answer Is No,Fredrik Backman,"Backman, Fredrik",Elizabeth DeNoma,"=""1662526520""","=""9781662526527""",0,3.92,Amazon Original Stories ,Kindle Edition,68,2024,2024,,2024/11/21,to-read,to-read (#401),to-read,,,,0,0
20342617,Just Mercy,Bryan Stevenson,"Stevenson, Bryan",,"=""""","=""""",0,4.62,One World,Paperback,336,2014,2014,,2024/10/30,to-read,to-read (#400),to-read,,,,0,0
220389465,"Merry Ever After (Under the Mistletoe Collection, #2)",Tessa Bailey,"Bailey, Tessa",,"=""1662528736""","=""9781662528736""",0,2.80,Amazon Original Stories,Kindle Edition,58,2024,2024,,2024/10/23,to-read,to-read (#399),to-read,,,,0,0
220389458,"Cruel Winter with You (Under the Mistletoe Collection, #1)",Ali Hazelwood,"Hazelwood, Ali",,"=""1662528396""","=""9781662528392""",0,3.68,Amazon Original Stories,Kindle Edition,72,2024,2024,,2024/10/23,to-read,to-read (#398),to-read,,,,0,0
139391940,"The Pumpkin Spice Café (Dream Harbor, #1)",Laurie Gilmore,"Gilmore, Laurie",,"=""0008610665""","=""9780008610661""",3,3.37,HarperCollins,ebook,373,2023,2023,2024/10/18,2023/10/11,physical-tbr,physical-tbr (#18),read,3.5 cute but there were big gaps in the storytelling that I would have liked to read instead of being told,,,1,0
17286683,Men We Reaped: A Memoir,Jesmyn Ward,"Ward, Jesmyn",,"=""160819521X""","=""9781608195213""",0,4.30,Bloomsbury USA,Hardcover,256,2013,2013,,2024/10/17,to-read,to-read (#397),to-read,,,,0,0
58446227,Sea of Tranquility,Emily St. John Mandel,"Mandel, Emily St. John",,"=""0593321448""","=""9780593321447""",0,4.06,Knopf,Hardcover,259,2022,2022,,2022/06/14,"to-read, physical-tbr","to-read (#160), physical-tbr (#65)",to-read,,,,0,0
56019003,We Do This 'til We Free Us: Abolitionist Organizing and Transforming Justice,Mariame Kaba,"Kaba, Mariame",Naomi Murakawa,"=""164259525X""","=""9781642595253""",3,4.64,Haymarket Books,Paperback,240,2021,2021,2024/10/09,2021/08/21,,,read,,,,1,0
49089632,"Elatsoe (Elatsoe, #1)",Darcie Little Badger,"Badger, Darcie Little",Rovina Cai,"=""1646140052""","=""9781646140053""",0,3.98,Levine Querido,Hardcover,362,2020,2020,,2021/05/24,"to-read, physical-tbr","to-read (#114), physical-tbr (#64)",to-read,,,,0,0
40148146,Love from A to Z (A Coming-of-Age Romance),S.K. Ali,"Ali, S.K.",,"=""153444274X""","=""9781534442740""",0,4.10,Salaam Reads,Kindle Edition,358,2019,2019,,2021/03/24,"to-read, physical-tbr","to-read (#99), physical-tbr (#63)",to-read,,,,0,0
23604559,My Grandmother Asked Me to Tell You She's Sorry,Fredrik Backman,"Backman, Fredrik",Henning Koch,"=""1501115065""","=""9781501115066""",0,4.07,Atria Books,Hardcover,372,2015,2013,,2020/10/28,"to-read, physical-tbr","to-read (#68), physical-tbr (#62)",to-read,,,,0,0
45046743,Only Mostly Devastated,Sophie Gonzales,"Gonzales, Sophie",,"=""1250315891""","=""9781250315892""",0,3.93,Wednesday Books,Hardcover,281,2020,2020,,2021/04/23,"to-read, physical-tbr","to-read (#108), physical-tbr (#60)",to-read,,,,0,0
60149573,Our Missing Hearts,Celeste Ng,"Ng, Celeste",,"=""0593492544""","=""9780593492543""",0,3.79,Penguin Press,Hardcover,335,2022,2022,,2022/08/23,"to-read, physical-tbr","to-read (#167), physical-tbr (#59)",to-read,,,,0,0
52397,"Parable of the Sower (Earthseed, #1)",Octavia E. Butler,"Butler, Octavia E.",,"=""0446675504""","=""9780446675505""",0,4.20,Grand Central Publishing,Paperback,345,2000,1993,,2021/03/20,"to-read, physical-tbr","to-read (#98), physical-tbr (#58)",to-read,,,,0,0
41154302,"Pride, Prejudice, and Other Flavors (The Rajes, #1)",Sonali Dev,"Dev, Sonali",,"=""""","=""""",0,3.68,William Morrow Paperbacks,Paperback,481,2019,2019,,2022/07/10,"to-read, physical-tbr","to-read (#163), physical-tbr (#57)",to-read,,,,0,0
61686006,Sisters of the Lost Nation,Nick Medina,"Medina, Nick",,"=""0593546857""","=""9780593546857""",0,3.87,Berkley,Hardcover,338,2023,2023,,2023/04/05,"to-read, physical-tbr","to-read (#239), physical-tbr (#55)",to-read,,,,0,0
44077284,The Southern Book Club's Guide to Slaying Vampires,Grady Hendrix,"Hendrix, Grady",,"=""1683691431""","=""9781683691433""",0,3.79,Quirk Books,Hardcover,404,2020,2020,,2023/05/30,"to-read, physical-tbr","to-read (#262), physical-tbr (#54)",to-read,,,,0,0
45289222,Writers & Lovers,Lily King,"King, Lily",,"=""""","=""""",0,3.99,Grove Press,Hardcover,320,2020,2020,,2020/12/31,"to-read, physical-tbr","to-read (#88), physical-tbr (#51)",to-read,,,,0,0
58986627,The Littlest Library,Poppy Alexander,"Alexander, Poppy",,"=""0063216930""","=""9780063216938""",0,3.69,Avon,Paperback,320,2022,2021,,2022/10/15,"to-read, physical-tbr","to-read (#185), physical-tbr (#50)",to-read,,,,0,0
60784549,In the Lives of Puppets,T.J. Klune,"Klune, T.J.",,"=""125021744X""","=""9781250217448""",0,3.90,Tor Books,Hardcover,432,2023,2023,,2022/12/31,"to-read, 24-in-24, physical-tbr","to-read (#209), 24-in-24 (#21), physical-tbr (#48)",to-read,,,,0,0
59236649,"Husband Material (London Calling, #2)",Alexis  Hall,"Hall, Alexis",,"=""1728250927""","=""9781728250922""",0,3.54,Sourcebooks Casablanca,Paperback,424,2022,2022,,2022/02/14,"to-read, physical-tbr","to-read (#146), physical-tbr (#46)",to-read,,,,0,0
59088365,Honey & Spice,Bolu Babalola,"Babalola, Bolu",,"=""0063141485""","=""9780063141483""",0,3.91,William Morrow,Hardcover,368,2022,2022,,2022/12/18,"to-read, 24-in-24, physical-tbr","to-read (#196), 24-in-24 (#9), physical-tbr (#45)",to-read,,,,0,0
58541424,"Hello, Molly!: A Memoir",Molly Shannon,"Shannon, Molly",Sean Wilsey,"=""0063056232""","=""9780063056237""",0,4.13,Ecco,Hardcover,291,2022,2022,,2023/05/23,"to-read, physical-tbr","to-read (#254), physical-tbr (#44)",to-read,,,,0,0
48677123,Hamnet,Maggie O'Farrell,"O'Farrell, Maggie",,"=""0525657606""","=""9780525657606""",0,4.19,Alfred A. Knopf,Hardcover,310,2020,2020,,2023/05/30,"to-read, physical-tbr","to-read (#260), physical-tbr (#42)",to-read,,,,0,0
24817626,Go Set a Watchman,Harper Lee,"Lee, Harper",,"=""0062409859""","=""9780062409850""",0,3.31,HarperCollins,Hardcover,278,2015,2015,,2020/12/07,"to-read, physical-tbr","to-read (#82), physical-tbr (#41)",to-read,,,,0,0
50214741,The Girl with the Louding Voice,Abi Daré,"Daré, Abi",Ronke Adékoluejo,"=""1524746029""","=""9781524746025""",0,4.42,Dutton Books,Hardcover,371,2020,2020,,2022/10/28,"to-read, physical-tbr","to-read (#188), physical-tbr (#40)",to-read,,,,0,0
61618737,Forget Me Not,Julie  Soto,"Soto, Julie",,"=""1538740885""","=""9781538740880""",0,3.95,Forever,Paperback,341,2023,2023,,2023/07/02,"to-read, physical-tbr","to-read (#275), physical-tbr (#39)",to-read,,,,0,0
40914165,"The Book Woman of Troublesome Creek (The Book Woman of Troublesome Creek, #1)",Kim Michele Richardson,"Richardson, Kim Michele",,"=""""","=""""",0,4.22,Sourcebooks Landmark,Paperback,309,2019,2019,,2020/12/17,"to-read, physical-tbr","to-read (#84), physical-tbr (#37)",to-read,,,,0,0
57945316,Babel,R.F. Kuang,"Kuang, R.F.",,"=""0063021420""","=""9780063021426""",0,4.15,Harper Voyager,Hardcover,544,2022,2022,,2023/02/10,"to-read, physical-tbr","to-read (#227), physical-tbr (#35)",to-read,,,,0,0
56980548,"Aristotle and Dante Dive into the Waters of the World (Aristotle and Dante, #2)",Benjamin Alire Sáenz,"Sáenz, Benjamin Alire",,"=""153449619X""","=""9781534496194""",0,4.13,Simon & Schuster Books for Young Readers,Hardcover,516,2021,2021,,2021/08/10,"to-read, physical-tbr","to-read (#121), physical-tbr (#34)",to-read,,,,0,0
52190991,"Any Way the Wind Blows (Simon Snow, #3)",Rainbow Rowell,"Rowell, Rainbow",,"=""1250254337""","=""9781250254337""",0,4.11,Wednesday Books,Hardcover,579,2021,2021,,2021/05/29,"to-read, physical-tbr","to-read (#117), physical-tbr (#33)",to-read,,,,0,0
16085481,"Crazy Rich Asians (Crazy Rich Asians, #1)",Kevin Kwan,"Kwan, Kevin",,"=""0385536976""","=""9780385536974""",0,3.91,Doubleday,Hardcover,403,2013,2013,,2020/11/30,"to-read, physical-tbr","to-read (#81), physical-tbr (#30)",to-read,,,,0,0
43923951,Such a Fun Age,Kiley Reid,"Reid, Kiley",,"=""052554190X""","=""9780525541905""",0,3.77,G.P. Putnam's Sons,Hardcover,310,2019,2019,,2021/05/26,"to-read, 24-in-24, physical-tbr","to-read (#115), 24-in-24 (#20), physical-tbr (#29)",to-read,,,,0,0
2187,Middlesex,Jeffrey Eugenides,"Eugenides, Jeffrey",,"=""0312422156""","=""9780312422158""",0,4.04,Picador USA,Paperback,529,2002,2002,,2021/04/15,"to-read, physical-tbr","to-read (#105), physical-tbr (#28)",to-read,,,,0,0
54493401,Project Hail Mary,Andy Weir,"Weir, Andy",,"=""0593135202""","=""9780593135204""",0,4.50,Ballantine Books,Hardcover,496,2021,2021,,2023/07/23,"to-read, physical-tbr","to-read (#283), physical-tbr (#27)",to-read,,,,0,0
38746485,Becoming,Michelle Obama,"Obama, Michelle",,"=""1524763136""","=""9781524763138""",0,4.44,Crown,Hardcover,448,2018,2018,,2020/10/12,"to-read, physical-tbr","to-read (#56), physical-tbr (#26)",to-read,,,,0,0
58784475,"Tomorrow, and Tomorrow, and Tomorrow",Gabrielle Zevin,"Zevin, Gabrielle",,"=""0735243344""","=""9780735243347""",0,4.12,Knopf,Hardcover,401,2022,2022,,2023/03/22,"to-read, 24-in-24, physical-tbr","to-read (#232), 24-in-24 (#22), physical-tbr (#25)",to-read,,,,0,0
7445,The Glass Castle,Jeannette Walls,"Walls, Jeannette",,"=""074324754X""","=""9780743247542""",0,4.33,Scribner,Paperback,288,2006,2005,,2021/04/30,"to-read, physical-tbr","to-read (#109), physical-tbr (#24)",to-read,,,,0,0
31434883,Eleanor Oliphant Is Completely Fine,Gail Honeyman,"Honeyman, Gail",,"=""0735220689""","=""9780735220683""",0,4.23,Pamela Dorman Books / Viking,Hardcover,336,2017,2017,,2023/05/30,"to-read, physical-tbr","to-read (#265), physical-tbr (#23)",to-read,,,,0,0
53122391,A Children's Bible,Lydia Millet,"Millet, Lydia",,"=""1324005033""","=""9781324005032""",0,3.71,W. W. Norton  Company,Hardcover,224,2020,2020,,2023/07/23,"to-read, physical-tbr","to-read (#284), physical-tbr (#19)",to-read,,,,0,0
58800142,"Astrid Parker Doesn't Fail (Bright Falls, #2)",Ashley Herring Blake,"Blake, Ashley Herring",,"=""""","=""""",0,4.02,Berkley,Kindle Edition,400,2022,2022,,2023/10/28,"to-read, 24-in-24, physical-tbr","to-read (#311), 24-in-24 (#7), physical-tbr (#17)",to-read,,,,0,0
62926938,The Seven Year Slip,Ashley Poston,"Poston, Ashley",,"=""""","=""""",0,4.17,Berkley,Paperback,336,2023,2023,,2024/02/11,"to-read, physical-tbr","to-read (#336), physical-tbr (#14)",to-read,,,,0,0
3008,A Little Princess,Frances Hodgson Burnett,"Burnett, Frances Hodgson",U.C. Knoepflmacher,"=""0142437018""","=""9780142437018""",0,4.23,Penguin Books,Paperback,242,2002,1905,,2024/05/08,"to-read, physical-tbr","to-read (#356), physical-tbr (#12)",to-read,,,,0,0
19501,"Eat, Pray, Love",Elizabeth Gilbert,"Gilbert, Elizabeth",,"=""0143038419""","=""9780143038412""",0,3.64,Riverhead Books,Paperback,368,2007,2006,,2020/10/04,"to-read, physical-tbr","to-read (#21), physical-tbr (#10)",to-read,,,,0,0
1618,The Curious Incident of the Dog in the Night-Time,Mark Haddon,"Haddon, Mark",,"=""1400032717""","=""9781400032716""",0,3.89,Vintage,Paperback,226,2004,2003,,2020/10/04,"to-read, physical-tbr","to-read (#20), physical-tbr (#9)",to-read,,,,0,0
137791,Divine Secrets of the Ya-Ya Sisterhood,Rebecca Wells,"Wells, Rebecca",,"=""006075995X""","=""9780060759957""",0,3.86,Harper Perennial,Paperback,383,2004,1996,,2020/10/04,"to-read, physical-tbr","to-read (#17), physical-tbr (#8)",to-read,,,,0,0
37442,"Wicked: The Life and Times of the Wicked Witch of the West (The Wicked Years, #1)",Gregory Maguire,"Maguire, Gregory",Douglas Smith,"=""""","=""""",0,3.51,ReganBooks,Paperback,406,2000,1995,,2020/10/04,"to-read, physical-tbr","to-read (#13), physical-tbr (#7)",to-read,,,,0,0
1934,"Little Women (Little Women, #1)",Louisa May Alcott,"Alcott, Louisa May","Regina Barreca, Grzegorz Komerski, Marta Fihel","=""""","=""""",0,4.17,Signet Classics,Mass Market Paperback,449,2004,1868,,2020/10/04,"to-read, 24-in-24, physical-tbr","to-read (#10), 24-in-24 (#11), physical-tbr (#6)",to-read,,,,0,0
28187,"The Lightning Thief (Percy Jackson and the Olympians, #1)",Rick Riordan,"Riordan, Rick",,"=""0786838655""","=""9780786838653""",0,4.31,Disney Hyperion Books,Paperback,377,2006,2005,,2020/10/04,"to-read, physical-tbr","to-read (#7), physical-tbr (#4)",to-read,,,,0,0
4667024,The Help,Kathryn Stockett,"Stockett, Kathryn",,"=""0399155341""","=""9780399155345""",0,4.47,G.P. Putnam's Sons,Hardcover,451,2009,2009,,2020/10/04,"to-read, physical-tbr","to-read (#5), physical-tbr (#3)",to-read,,,,0,0
19063,The Book Thief,Markus Zusak,"Zusak, Markus",,"=""""","=""""",0,4.39,Alfred A. Knopf,Kindle Edition,592,2006,2005,,2020/10/04,"to-read, physical-tbr","to-read (#4), physical-tbr (#2)",to-read,,,,0,0
37435,The Secret Life of Bees,Sue Monk Kidd,"Kidd, Sue Monk",,"=""0142001740""","=""9780142001745""",0,4.10,Penguin Books,Paperback,302,2003,2001,,2020/10/04,"to-read, physical-tbr","to-read (#2), physical-tbr (#1)",to-read,,,,0,0
195790847,A Sorceress Comes to Call,T. Kingfisher,"Kingfisher, T.",,"=""1250244072""","=""9781250244079""",3,4.05,Tor Books,Hardcover,321,2024,2024,2024/10/02,2024/05/23,,,read,"Loved Cordelia, loved Hester, loved everyone really but this didn’t flow the way T. Kingfisher’s books normally do. 3.5",,,1,0
53029302,"Kiki's Delivery Service (Kiki's Delivery Service, #1)",Eiko Kadono,"Kadono, Eiko",Emily Balistrieri,"=""1984896660""","=""9781984896667""",0,4.15,Delacorte Press,Hardcover,193,2020,1985,,2024/09/27,to-read,to-read (#396),to-read,,,,0,0
214986233,The Love Variations: A Novel,Victoria  Lee,"Lee, Victoria",,"=""0593500539""","=""9780593500538""",0,0.0,Dell,Paperback,304,2026,,,2024/08/15,to-read,to-read (#377),to-read,,,,0,0
17061,Coraline,Neil Gaiman,"Gaiman, Neil",Dave McKean,"=""0061139378""","=""9780061139376""",4,4.13,William Morrow Paperbacks,Paperback,208,2006,2002,2024/09/26,2023/05/19,,,read,,,,1,0
49083140,Boy Parts,Eliza  Clark,"Clark, Eliza",,"=""1910312649""","=""9781910312643""",0,3.72,Influx Press,ebook,304,2020,2020,,2024/09/21,to-read,to-read (#394),to-read,,,,0,0
11016,Jane Eyre,Charlotte Brontë,"Brontë, Charlotte",,"=""""","=""""",0,4.16,Penguin Classics,Paperback,578,2006,1847,,2024/09/12,to-read,to-read (#393),to-read,,,,0,0
33376821,Sweet Bean Paste,Durian Sukegawa,"Sukegawa, Durian",Alison  Watts,"=""1786071959""","=""9781786071958""",0,4.06,Oneworld Publications,Paperback,224,2017,2013,,2024/09/12,to-read,to-read (#392),to-read,,,,0,0
195791316,Loud: Accept Nothing Less Than the Life You Deserve,Drew Afualo,"Afualo, Drew",,"=""0374614059""","=""9780374614058""",0,4.30,AUWA,Hardcover,256,2024,2024,2024/09/08,2024/07/10,,,read,"Easy read with a good message, especially for teens coming into their own. Can totally see myself gifting this to my daughter when she’s older!",,,1,0
30119,Where the Sidewalk Ends,Shel Silverstein,"Silverstein, Shel",,"=""0060513039""","=""9780060513030""",0,4.35,Harpercollins Childrens Books,Hardcover,176,2002,1974,2024/08/31,2024/08/28,,,read,,,,1,0
55711706,Everyone in This Room Will Someday Be Dead,Emily R. Austin,"Austin, Emily R.",,"=""1982167351""","=""9781982167356""",5,3.85,Atria Books,Hardcover,256,2021,2021,2024/08/29,2022/09/03,24-in-24,24-in-24 (#12),read,,,,1,0
54661992,"Juice Like Wounds (Wayward Children, #4.5)",Seanan McGuire,"McGuire, Seanan",,"=""""","=""""",0,4.00,Tor Books,ebook,32,2020,2020,,2024/08/28,to-read,to-read (#391),to-read,,,,0,0
62203768,"In Mercy, Rain (Wayward Children, #7.5)",Seanan McGuire,"McGuire, Seanan",,"=""""","=""""",0,3.90,Tor Books,Kindle Edition,36,2022,2022,,2024/08/28,to-read,to-read (#390),to-read,,,,0,0
63068398,"Skeleton Song (Wayward Children, #7.7)",Seanan McGuire,"McGuire, Seanan",,"=""1250875137""","=""9781250875136""",0,4.00,Tor Books,ebook,32,2022,2022,,2024/08/28,to-read,to-read (#389),to-read,,,,0,0
57185878,"Adrift in Currents Clean and Clear (Wayward Children, #10)",Seanan McGuire,"McGuire, Seanan",,"=""""","=""""",0,4.01,Tordotcom,ebook,160,2025,2025,,2024/08/28,to-read,to-read (#388),to-read,,,,0,0
60784912,"Lost in the Moment and Found (Wayward Children, #8)",Seanan McGuire,"McGuire, Seanan",,"=""1250213649""","=""9781250213648""",0,4.31,Tordotcom,ebook,208,2023,2023,,2024/08/28,to-read,to-read (#387),to-read,,,,0,0
57693537,"Where the Drowned Girls Go (Wayward Children, #7)",Seanan McGuire,"McGuire, Seanan",,"=""1250213622""","=""9781250213624""",0,4.04,Tordotcom,Hardcover,150,2022,2022,,2024/08/28,to-read,to-read (#386),to-read,,,,0,0
53205924,"Across the Green Grass Fields (Wayward Children, #6)",Seanan McGuire,"McGuire, Seanan",,"=""1250213592""","=""9781250213594""",0,3.80,Tordotcom,Hardcover,174,2021,2021,,2024/08/28,to-read,to-read (#385),to-read,,,,0,0
208209822,Lifeform,Jenny Slate,"Slate, Jenny",,"=""0316263931""","=""9780316263931""",0,3.68,"Little, Brown and Company",Hardcover,240,2024,2024,,2024/08/23,to-read,to-read (#384),to-read,,,,0,0
207298106,The Third Gilmore Girl: A Memoir,Kelly  Bishop,"Bishop, Kelly",Amy Sherman-Palladino,"=""1668023776""","=""9781668023778""",0,4.32,Gallery Books,Hardcover,244,2024,2024,,2024/08/22,to-read,to-read (#383),to-read,,,,0,0
217885191,"The Situationship (Part of Your World, #3.5)",Abby Jimenez,"Jimenez, Abby",,"=""1538773724""","=""9781538773727""",0,3.85,Forever,Kindle Edition,37,2024,2024,,2024/08/22,to-read,to-read (#382),to-read,,,,0,0
4989,The Red Tent,Anita Diamant,"Diamant, Anita",,"=""0312353766""","=""9780312353766""",0,4.20,St. Martin's Press,Hardcover,324,1997,1997,,2024/08/22,to-read,to-read (#381),to-read,,,,0,0
194020321,Home Is Where the Bodies Are,Jeneva Rose,"Rose, Jeneva",,"=""""","=""9798212182843""",0,3.81,"Blackstone Publishing, Inc.",Hardcover,256,2024,2024,,2024/08/22,to-read,to-read (#380),to-read,,,,0,0
62888191,Monstrilio,Gerardo Sámano Córdova,"Córdova, Gerardo Sámano",,"=""1638930368""","=""9781638930365""",0,4.09,Zando,Hardcover,336,2023,2023,,2024/08/21,to-read,to-read (#379),to-read,,,,0,0
33375622,Her Body and Other Parties: Stories,Carmen Maria Machado,"Machado, Carmen Maria",,"=""155597788X""","=""9781555977887""",2,3.81,Graywolf Press,Paperback,248,2017,2017,2024/08/21,2023/11/27,,,read,,,,1,0
43708708,White Fragility: Why It's So Hard for White People to Talk About Racism,Robin DiAngelo,"DiAngelo, Robin","Michael Eric Dyson, Manon Smits, Rob Kuitenbrouwer, Amy Landon","=""0807071161""","=""9780807071168""",4,4.16,Beacon Press,Audiobook,7,2018,2018,2024/08/18,2024/08/01,,,read,,,,1,0
991197,The Complete Persepolis,Marjane Satrapi,"Satrapi, Marjane",,"=""0375714839""","=""9780375714832""",4,4.40,Pantheon Books,Paperback,341,2007,2007,2024/08/17,2024/08/01,,,read,,,,1,0
215362543,Homegrown Magic,Jamie Pacton,"Pacton, Jamie",Rebecca Podos,"=""0593873653""","=""9780593873656""",0,3.42,Del Rey,Paperback,368,2025,2025,,2024/08/15,to-read,to-read (#378),to-read,,,,0,0
207611566,Witchcraft for Wayward Girls,Grady Hendrix,"Hendrix, Grady",,"=""0593548981""","=""9780593548981""",0,3.93,Berkley,Hardcover,482,2025,2025,,2024/08/15,to-read,to-read (#376),to-read,,,,0,0
198493860,"How to Become the Dark Lord and Die Trying (Dark Lord Davi, #1)",Django Wexler,"Wexler, Django",,"=""0316392200""","=""9780316392204""",0,3.77,Orbit,Paperback,392,2024,2024,,2024/08/15,to-read,to-read (#375),to-read,,,,0,0
217453440,"Dream On, Ramona Riley (Clover Lake, #1)",Ashley Herring Blake,"Blake, Ashley Herring",,"=""0593816005""","=""9780593816004""",0,3.73,Berkley,Kindle Edition,412,2025,2025,,2024/08/15,to-read,to-read (#374),to-read,,,,0,0
214152402,We Could Be Rats,Emily R. Austin,"Austin, Emily R.",,"=""1668058146""","=""9781668058145""",0,3.98,Atria Books,Hardcover,256,2025,2025,,2024/08/15,to-read,to-read (#373),to-read,,,,0,0
33585392,"Dear Ijeawele, or A Feminist Manifesto in Fifteen Suggestions",Chimamanda Ngozi Adichie,"Adichie, Chimamanda Ngozi",,"=""""","=""""",5,4.51,Knopf,Hardcover,63,2017,2017,2024/08/04,2023/05/30,,,read,,,,1,0
58541623,An Encore of Roses,S.T. Gibson,"Gibson, S.T.",,"=""""","=""""",0,3.77,Substack,ebook,14,2021,2021,2024/07/27,2023/08/17,,,read,,,,1,0
55311334,The Beautiful Ones,Silvia Moreno-Garcia,"Moreno-Garcia, Silvia",,"=""125078557X""","=""9781250785572""",4,3.84,Tor Books,Kindle Edition,299,2021,2017,2024/07/27,2021/10/04,24-in-24,24-in-24 (#16),read,,,,1,0
207689829,On Call: A Doctor's Journey in Public Service,Anthony Fauci,"Fauci, Anthony",,"=""0593657470""","=""9780593657478""",0,4.53,Viking,Hardcover,464,2024,2024,,2024/07/20,to-read,to-read (#372),to-read,,,,0,0
195790586,The Rom-Commers,Katherine Center,"Center, Katherine",,"=""1250283809""","=""9781250283801""",3,4.06,St. Martin's Press,Hardcover,336,2024,2024,2024/07/15,2023/12/26,,,read,"3.5 last third of the book picked up but there was a lot of telling, not showing and those tended to be the scenes I’d rather see unfold",,,1,0
127306440,"What Feasts at Night (Sworn Soldier, #2)",T. Kingfisher,"Kingfisher, T.",,"=""1250830850""","=""9781250830852""",4,3.80,Tor Nightfire,Hardcover,151,2024,2024,2024/06/30,2023/05/11,,,read,,,,1,0
239381,Just a Mess (A Golden Look-Look Book),Mercer Mayer,"Mayer, Mercer",,"=""0307119483""","=""9780307119483""",0,4.25,Random House Books for Young Readers,Paperback,24,2000,1987,,2024/06/22,,,read,,,,1,0
56271357,Woodland Dance! (Boynton on Board),Sandra Boynton,"Boynton, Sandra",,"=""152351468X""","=""9781523514687""",0,4.25,Workman Kids,Board Book,24,2021,2021,,2024/06/22,,,read,,,,1,0
36415777,But Not the Armadillo,Sandra Boynton,"Boynton, Sandra",,"=""1481481002""","=""9781481481007""",0,3.87,Boynton Bookworks,Board Book,16,2018,2018,,2024/06/22,,,read,,,,1,0
28953811,Dinosaur Dance!,Sandra Boynton,"Boynton, Sandra",,"=""1481480995""","=""9781481480994""",0,4.30,Boynton Bookworks,Board Book,16,2016,2016,,2024/06/22,,,read,,,,1,0
426009,Hey! Wake Up! (Boynton on Board),Sandra Boynton,"Boynton, Sandra",,"=""0761119760""","=""9780761119760""",0,4.05,Workman Kids,Board Book,24,2000,2000,,2024/06/22,,,read,,,,1,0
12845544,Are You a Cow?,Sandra Boynton,"Boynton, Sandra",,"=""1442417331""","=""9781442417335""",0,4.17,Boynton Bookworks,Board Book,16,2012,2012,,2024/06/22,,,read,,,,1,0
8720892,"Happy Hippo, Angry Duck",Sandra Boynton,"Boynton, Sandra",,"=""1442417315""","=""9781442417311""",0,4.28,Boynton Bookworks,Board Book,16,2011,2011,,2024/06/22,,,read,,,,1,0
428080,Pajama Time!,Sandra Boynton,"Boynton, Sandra",,"=""0761119752""","=""9780761119753""",0,4.21,Workman Pub Co,Board Book,24,2001,2000,,2024/06/22,,,read,,,,1,0
49867279,Froggy Builds a Snowman,Jonathan London,"London, Jonathan",Frank Remkiewicz,"=""1984836382""","=""9781984836380""",0,3.56,Viking Books for Young Readers,Kindle Edition,32,2020,,,2024/06/22,,,read,,,,1,0
970693,Froggy's Day with Dad,Jonathan London,"London, Jonathan",Frank Remkiewicz,"=""0142406341""","=""9780142406342""",0,3.77,Puffin Books,Paperback,32,2006,2004,,2024/06/22,,,read,,,,1,0
833551,Froggy Learns to Swim,Jonathan London,"London, Jonathan",Frank Remkiewicz,"=""0140553126""","=""9780140553123""",0,3.96,Puffin Books,Paperback,32,1997,1995,,2024/06/22,,,read,,,,1,0
132609,Where's Spot?,Eric Hill,"Hill, Eric",,"=""0140504206""","=""9780140504200""",0,4.16,Puffin Books,Hardcover,20,2010,,,2024/06/22,,,read,,,,1,0
857418,The Carrot Seed,Ruth Krauss,"Krauss, Ruth",Crockett Johnson,"=""0694004928""","=""9780694004928""",0,4.08,HarperCollins,Board Book,32,2020,1945,,2024/06/22,,,read,,,,1,0
156733275,The Crayons Love Our Planet (The Crayons Celebrate),Drew Daywalt,"Daywalt, Drew",Oliver Jeffers,"=""0593621093""","=""9780593621097""",0,3.78,Philomel Books,Kindle Edition,32,2024,,,2024/06/22,,,read,,,,1,0
29639593,The Crayons' Book of Colors (My First Crayons),Drew Daywalt,"Daywalt, Drew",Oliver Jeffers,"=""0451534042""","=""9780451534040""",0,4.02,Grosset & Dunlap,Board Book,20,2016,2016,,2024/06/22,,,read,,,,1,0
1795615,The Pout-Pout Fish,Deborah Diesen,"Diesen, Deborah",Dan Hanna,"=""0374360960""","=""9780374360962""",0,4.34,"Farrar, Straus and Giroux",Hardcover,32,2008,2008,,2024/06/22,,,read,,,,1,0
206962,Hop On Pop,Dr. Seuss,"Seuss, Dr.",,"=""0007158491""","=""9780007158492""",0,4.04,HarperCollinsChildren’sBooks,Paperback,64,2003,1963,,2024/06/22,,,read,,,,1,0
475339,Madeline,Ludwig Bemelmans,"Bemelmans, Ludwig",,"=""0590133373""","=""9780590133371""",0,4.26,London: Hippo,Paperback,44,1989,1939,,2024/06/22,,,read,,,,1,0
1012082,Apples and Pumpkins,Anne Rockwell,"Rockwell, Anne",Lizzy Rockwell,"=""0689718616""","=""9780689718618""",0,3.60,Aladdin,Paperback,24,1994,1989,,2024/06/22,,,read,,,,1,0
225180,The Tooth Book,Theo LeSieg,"LeSieg, Theo","Dr. Seuss, Joe Mathieu","=""0375810390""","=""9780375810398""",0,4.07,Random House Books for Young Readers,Hardcover,48,2000,1981,,2024/06/22,,,read,,,,1,0
556511,The Very Busy Spider,Eric Carle,"Carle, Eric",,"=""0399229191""","=""9780399229190""",0,4.22,World of Eric Carle,Board book,32,1995,1984,,2024/06/22,,,read,,,,1,0
165641349,"Adam, Mine",K. Ancrum,"Ancrum, K.",,"=""""","=""""",0,5.00,HarperCollins,Unknown Binding,,2026,2026,,2024/06/18,to-read,to-read (#370),to-read,,,,0,0
22544764,Uprooted,Naomi Novik,"Novik, Naomi",,"=""0804179034""","=""9780804179034""",0,4.02,Del Rey,Hardcover,438,2015,2015,,2024/06/17,to-read,to-read (#369),to-read,,,,0,0
60478017,"Radiant Sin (Dark Olympus, #4)",Katee Robert,"Robert, Katee",,"=""172825700X""","=""9781728257006""",3,3.78,Sourcebooks Casablanca,Paperback,348,2023,2023,2024/06/11,2023/01/12,,,read,,,,1,0
61272775,"Year of No Garbage: Recycling Lies, Plastic Problems, and One Woman's Trashy Journey to Zero Waste",Eve O. Schaub,"Schaub, Eve O.",,"=""1510774637""","=""9781510774636""",0,4.09,Skyhorse,Paperback,288,2023,2003,,2024/06/09,to-read,to-read (#368),to-read,,,,0,0
110384,"Romancing Mister Bridgerton (Bridgertons, #4)",Julia Quinn,"Quinn, Julia",,"=""0380820846""","=""9780380820849""",2,3.88,Avon,Mass Market Paperback,370,2002,2002,2024/06/08,2024/05/25,,,read,"I wanted to read this one to see if I could figure out why season 3 of the show was bothering me. Turns out, I don’t like Colin. That’ll do it.",,,1,0
44774415,Mooncakes,Suzanne  Walker,"Walker, Suzanne",Wendy  Xu,"=""154930304X""","=""9781549303043""",0,3.81,Oni Press,Paperback,243,2019,2019,,2024/06/02,to-read,to-read (#367),to-read,,,,0,0
5659,The Wind in the Willows,Kenneth Grahame,"Grahame, Kenneth",Gillian Avery,"=""0143039091""","=""9780143039099""",3,4.02,Penguin Books,Paperback,197,2005,1908,2024/05/30,2021/04/01,,,read,,,,1,0
204538483,"The Striker (Gods of the Game, #1)",Ana Huang,"Huang, Ana",,"=""""","=""""",0,3.76,,Kindle Edition,594,2024,2024,,2024/05/23,to-read,to-read (#366),to-read,,,,0,0
121376298,Skybriar,Talia Hibbert,"Hibbert, Talia",,"=""""","=""9780349431772""",0,4.86,Piatkus,Kindle Edition,,2027,,,2024/05/23,to-read,to-read (#365),to-read,,,,0,0
194802722,Funny Story,Emily Henry,"Henry, Emily",,"=""""","=""""",4,4.19,Berkley,Kindle Edition,395,2024,2024,2024/05/22,2023/08/26,,,read,,,,1,0
197577021,"Tangled Up in You (Meant to Be, #4)",Christina Lauren,"Lauren, Christina",,"=""1368092837""","=""9781368092838""",0,3.89,Hyperion Avenue,Paperback,320,2024,2024,,2024/05/14,to-read,to-read (#364),to-read,,,,0,0
134221617,Behind You Is the Sea,Susan Muaddi Darraj,"Darraj, Susan Muaddi",,"=""0063324237""","=""9780063324237""",0,4.07,HarperVia,Hardcover,256,2024,2024,,2024/05/13,to-read,to-read (#363),to-read,,,,0,0
52786358,Under the Rainbow,Celia Laskey,"Laskey, Celia",,"=""0525536167""","=""9780525536161""",0,3.72,Riverhead Books,Hardcover,288,2020,2020,,2024/05/13,to-read,to-read (#362),to-read,,,,0,0
41880609,On Earth We're Briefly Gorgeous,Ocean Vuong,"Vuong, Ocean",,"=""0525562028""","=""9780525562023""",0,4.02,Penguin Press,Hardcover,246,2019,2019,,2024/05/13,to-read,to-read (#361),to-read,,,,0,0
46264398,Know My Name: A Memoir,Chanel Miller,"Miller, Chanel",,"=""073522370X""","=""9780735223707""",0,4.69,Viking,Hardcover,357,2019,2019,,2024/05/12,to-read,to-read (#360),to-read,,,,0,0
50892287,In a Holidaze,Christina Lauren,"Lauren, Christina",,"=""198212394X""","=""9781982123949""",0,3.67,Gallery Books,Paperback,307,2020,2020,,2024/05/09,to-read,to-read (#359),to-read,,,,0,0
48564330,Betty,Tiffany   McDaniel,"McDaniel, Tiffany",,"=""052565707X""","=""9780525657071""",0,4.40,Knopf,Hardcover,480,2020,2020,,2024/05/09,to-read,to-read (#358),to-read,,,,0,0
56377192,The Last Chance Library,Freya Sampson,"Sampson, Freya",,"=""0593201388""","=""9780593201381""",0,3.75,Berkley,Paperback,336,2021,2021,,2024/05/09,to-read,to-read (#357),to-read,,,,0,0
25953369,Hidden Figures,Margot Lee Shetterly,"Shetterly, Margot Lee",,"=""""","=""""",0,3.96,William Morrow Paperbacks,Paperback,349,2016,2016,,2024/05/08,to-read,to-read (#355),to-read,,,,0,0
27366528,"Beneath the Sugar Sky (Wayward Children, #3)",Seanan McGuire,"McGuire, Seanan",,"=""0765393581""","=""9780765393586""",4,3.84,tor.com,Hardcover,174,2018,2018,2024/05/07,2024/02/20,,,read,,,,1,0
166175422,Counting the Cost,Jill Duggar,"Duggar, Jill","Derick Dillard, Craig Borlase","=""1668024446""","=""9781668024447""",5,4.00,Gallery Books,Hardcover,288,2023,2023,2024/05/04,2023/11/14,24-in-24,24-in-24 (#3),read,,,,1,0
196845489,Oye,Melissa Mogollon,"Mogollon, Melissa",,"=""0593594908""","=""9780593594902""",0,3.62,Hogarth,Hardcover,336,2024,,,2024/05/03,to-read,to-read (#354),to-read,,,,0,0
181110014,Icarus,K. Ancrum,"Ancrum, K.",,"=""0063285789""","=""9780063285781""",4,4.00,HarperCollins,Hardcover,382,2024,2024,2024/05/01,2023/02/28,,,read,,,,1,0
134119076,"Emily Wilde’s Map of the Otherlands (Emily Wilde, #2)",Heather Fawcett,"Fawcett, Heather",,"=""0593500202""","=""9780593500200""",3,4.26,Del Rey,Kindle Edition,370,2024,2024,2024/04/25,2023/12/26,,,read,"3.5 ⭐️ I really love the characters and meeting the different folk but, when we reach the true action and climax, it feels too fast. ",,,1,0
196774347,You Should Be So Lucky,Cat Sebastian,"Sebastian, Cat",,"=""0063272806""","=""9780063272804""",0,4.28,Avon,Paperback,400,2024,2024,,2024/04/20,to-read,to-read (#353),to-read,,,,0,0
49247757,A Little Devil in America: Notes in Praise of Black Performance,Hanif Abdurraqib,"Abdurraqib, Hanif",,"=""1984801198""","=""9781984801197""",5,4.59,Random House,Hardcover,301,2021,2021,2024/04/18,2023/10/11,,,read,,,,1,0
192723842,Christa Comes Out of Her Shell,Abbi Waxman,"Waxman, Abbi",,"=""0593198786""","=""9780593198780""",0,3.55,Berkley,Paperback,379,2024,2024,,2024/04/16,to-read,to-read (#352),to-read,,,,0,0
51260768,That Way Madness Lies,Dahlia Adler,"Adler, Dahlia","Lily  Anderson, Brittany Cavallaro, Patrice Caldwell, Emily Wibberley, Austin Siegemund-Broka, A.R. Capetta, Cory McCarthy, Joy McCullough, Anna-Marie McLemore, Tochi Onyebuchi, Lindsay Smith, Kiersten White,, Ibi Zoboi, Samantha Mabry, Mark Oshiro, Melissa Bashardoust, K. Ancrum","=""""","=""""",3,3.43,Flatiron Books,Hardcover,221,2021,2021,2024/04/08,2021/05/24,,,read,Some of these were excellent (The Macbeth edit stands out) while others are just meh.,,,1,0
150343880,"Fangirl Down (Big Shots, #1)",Tessa Bailey,"Bailey, Tessa",,"=""""","=""""",2,3.79,Avon,Kindle Edition,380,2024,2024,2024/03/24,2024/01/25,,,read,"2.5 the smut was smutting but otherwise, it was very meh. Definitely reading the Tallulah spinoff book, though!",,,1,0
181346634,There's Always This Year: On Basketball and Ascension,Hanif Abdurraqib,"Abdurraqib, Hanif",,"=""0593448790""","=""9780593448793""",0,4.28,Random House,Hardcover,334,2024,2024,,2024/03/18,to-read,to-read (#350),to-read,,,,0,0
197577126,This Summer Will Be Different,Carley Fortune,"Fortune, Carley",,"=""0593638883""","=""9780593638880""",0,3.95,Berkley,Paperback,368,2024,2024,,2024/03/18,to-read,to-read (#349),to-read,,,,0,0
123288408,"Evocation (The Summoner’s Circle, #1)",S.T. Gibson,"Gibson, S.T.",,"=""191520268X""","=""9781915202680""",0,3.60,Angry Robot Books,Hardcover,301,2024,2024,,2024/03/18,to-read,to-read (#348),to-read,,,,0,0
40280188,ด้ายแดง เล่ม 2,Lazysheep,"Lazysheep, Lazysheep",,"=""""","=""""",0,4.41,Hermit Publishing,Paperback,,,,2024/03/15,2024/02/05,,,read,,,,1,0
58446220,Out There,Kate  Folk,"Folk, Kate",,"=""0593231465""","=""9780593231463""",4,4.13,Random House,Hardcover,256,2022,2022,2024/03/15,2022/06/26,,,read,,,,1,0
28243032,We Are Okay,Nina LaCour,"LaCour, Nina",,"=""0525425896""","=""9780525425892""",4,3.93,Dutton Books for Young Readers,Hardcover,236,2017,2017,2024/03/11,2021/05/24,24-in-24,24-in-24 (#19),read,,,,1,0
50997439,The Bookish Holiday of Nina Hill,Abbi Waxman,"Waxman, Abbi",,"=""""","=""""",0,3.94,,ebook,36,2019,,,2020/10/04,,,read,,,,1,0
181350812,Bride,Ali Hazelwood,"Hazelwood, Ali",,"=""0593550404""","=""9780593550403""",5,4.00,Berkley,Paperback,396,2024,2024,2024/03/03,2023/10/21,favorites,favorites (#10),read,,,,1,0
139400705,Black Women Taught Us: An Intimate History of Black Feminism,Jenn M. Jackson,"Jackson, Jenn M.",,"=""0593243331""","=""9780593243336""",0,4.41,Random House,Hardcover,368,2024,,,2024/03/01,to-read,to-read (#346),to-read,,,,0,0
60731802,"The Lord Sorcier (Regency Faerie Tales, #0.5)",Olivia Atwater,"Atwater, Olivia",,"=""""","=""""",0,3.55,,ebook,44,2022,2020,,2024/02/28,,,read,,,,1,0
60731784,"The Latch Key (Regency Faerie Tales, #1.5)",Olivia Atwater,"Atwater, Olivia",,"=""""","=""""",0,3.76,,ebook,42,2022,2022,,2024/02/28,to-read,to-read (#345),to-read,,,,0,0
60420294,"Longshadow (Regency Faerie Tales, #3)",Olivia Atwater,"Atwater, Olivia",,"=""0316463124""","=""9780316463126""",0,3.86,Orbit,Paperback,263,2022,2021,,2024/02/28,to-read,to-read (#344),to-read,,,,0,0
60717747,"Half a Soul (Regency Faerie Tales, #1)",Olivia Atwater,"Atwater, Olivia",,"=""""","=""9780316462808""",5,4.05,Orbit,Kindle Edition,305,2022,2020,2024/02/28,2022/08/04,favorites,favorites (#9),read,,,,1,0
200101541,Horror Movie,Paul Tremblay,"Tremblay, Paul",,"=""0063070014""","=""9780063070011""",0,3.27,William Morrow,Hardcover,277,2024,2024,,2024/02/25,to-read,to-read (#342),to-read,,,,0,0
57185869,"Mislaid in Parts Half-Known (Wayward Children, #9)",Seanan McGuire,"McGuire, Seanan",,"=""""","=""""",0,4.07,Macmillan Audio,Audible Audio,146,2024,2024,,2024/02/25,to-read,to-read (#341),to-read,,,,0,0
59232998,You Made a Fool of Death with Your Beauty,Akwaeke Emezi,"Emezi, Akwaeke",,"=""1982188707""","=""9781982188702""",0,3.53,Atria Books,Hardcover,288,2022,2022,,2024/02/22,to-read,to-read (#340),to-read,,,,0,0
31450908,"Down Among the Sticks and Bones (Wayward Children, #2)",Seanan McGuire,"McGuire, Seanan",,"=""0765392038""","=""9780765392039""",4,4.14,Tordotcom,Hardcover,187,2017,2017,2024/02/20,2023/12/14,24-in-24,24-in-24 (#18),read,,,,1,0
34325090,"I Was Born for This (I Was Born for This, #1)",Alice Oseman,"Oseman, Alice",,"=""0008244103""","=""9780008244101""",4,4.01,Harper Collins Children's Books,Kindle Edition,396,2018,2018,2024/02/17,2023/05/30,24-in-24,24-in-24 (#17),read,,,,1,0
241074,The Tiny Seed,Eric Carle,"Carle, Eric",,"=""0689842449""","=""9780689842443""",0,4.15,Aladdin,Paperback,40,2001,1970,,2024/02/13,,,read,,,,1,0
201752567,The Truth According to Ember,Danica Nava,"Nava, Danica",,"=""0593642600""","=""9780593642603""",0,3.68,Berkley,Paperback,358,2024,2024,,2024/02/11,to-read,to-read (#339),to-read,,,,0,0
62802747,Much Ado about Nada,Uzma Jalaluddin,"Jalaluddin, Uzma",,"=""0593336380""","=""9780593336380""",0,3.83,Berkley,Paperback,320,2023,2023,,2024/02/11,to-read,to-read (#338),to-read,,,,0,0
60522607,Solomon's Crown,Natasha Siegel,"Siegel, Natasha",,"=""0593597842""","=""9780593597842""",0,3.81,Dell,Paperback,368,2023,2023,,2024/02/11,to-read,to-read (#337),to-read,,,,0,0
206180603,Make the Season Bright,Ashley Herring Blake,"Blake, Ashley Herring",,"=""0593550595""","=""9780593550595""",0,3.61,Berkley,Paperback,342,2024,2024,,2024/02/10,to-read,to-read (#335),to-read,,,,0,0
203874129,An Academy for Liars,Alexis Henderson,"Henderson, Alexis",,"=""1529921775""","=""9781529921779""",0,3.44,Transworld Digital,Kindle Edition,453,2024,2024,,2024/02/10,to-read,to-read (#334),to-read,,,,0,0
199261152,A Novel Love Story,Ashley Poston,"Poston, Ashley",,"=""0593640977""","=""9780593640975""",0,3.62,Berkley,Paperback,368,2024,2024,,2024/02/10,to-read,to-read (#333),to-read,,,,0,0
36348525,Severance,Ling  Ma,"Ma, Ling",,"=""0374261598""","=""9780374261597""",3,3.88,"Farrar, Straus and Giroux",Hardcover,291,2018,2018,2024/02/02,2023/05/30,24-in-24,24-in-24 (#24),read,3.5 eerily accurate ,,,1,0
56653002,"Twisted Games (Twisted, #2)",Ana Huang,"Huang, Ana",,"=""""","=""""",0,4.08,,Kindle Edition,456,2021,2021,,2024/01/27,to-read,to-read (#332),to-read,,,,0,0
54698575,"Make a Scene (Lovestruck, #1)",Mimi   Grace,"Grace, Mimi",,"=""1999108256""","=""9781999108250""",0,3.78,,Kindle Edition,230,2020,2020,,2024/01/25,to-read,to-read (#331),to-read,,,,0,0
56039126,"Love Is An Illusion Vol 1 (Love is an Illusion, #1)",Fargo,"Fargo, Fargo",,"=""""","=""""",0,3.63,,Kindle Edition,0,2020,,2024/01/24,2024/01/23,,,read,,,,1,0
123195171,"Opinions: A Decade of Arguments, Criticism, and Minding Other People’s Business",Roxane Gay,"Gay, Roxane",,"=""0063341468""","=""9780063341463""",0,3.99,Harper,Hardcover,320,2023,2023,2024/01/22,2023/09/26,24-in-24,24-in-24 (#2),read,,,,1,0
71872930,North Woods,Daniel       Mason,"Mason, Daniel",,"=""0593597036""","=""9780593597033""",0,4.11,Random House,Hardcover,372,2023,2023,,2024/01/09,to-read,to-read (#330),to-read,,,,0,0
66087028,Legacy: A Black Physician Reckons with Racism in Medicine,Uché Blackstock,"Blackstock, Uché",,"=""0593491289""","=""9780593491294""",0,4.43,Viking,Kindle Edition,304,2024,2024,,2024/01/07,to-read,to-read (#329),to-read,,,,0,0
55502857,Unwell Women: Misdiagnosis and Myth in a Man-Made World,Elinor Cleghorn,"Cleghorn, Elinor",,"=""0593182952""","=""9780593182956""",0,4.11,Dutton,Hardcover,386,2021,2021,,2024/01/07,to-read,to-read (#328),to-read,,,,0,0
55817097,"Twisted Love (Twisted, #1)",Ana Huang,"Huang, Ana",,"=""""","=""""",0,3.71,,Kindle Edition,360,2021,2021,2024/01/03,2023/12/31,,,read,"I don’t know what to rate this. It’s poorly written, got tropes and cliches getting thrown all over the place and borderline obnoxious characters. It was pretty terrible.<br/><br/>But I can’t wait to read book 2",,,1,0
75663741,Wreck the Halls,Tessa Bailey,"Bailey, Tessa",,"=""0063308290""","=""9780063308299""",3,3.38,Avon,Hardcover,368,2023,2023,2023/12/30,2023/08/21,,,read,,,,1,0
57370115,Highly Suspicious and Unfairly Cute,Talia Hibbert,"Hibbert, Talia",,"=""""","=""9780593482346""",4,3.69,Joy Revolution,ebook,336,2023,2023,2023/12/26,2022/09/16,,,read,,,,1,0
53344030,"Heartstopper: Volume Five (Heartstopper, #5)",Alice Oseman,"Oseman, Alice",,"=""1444957651""","=""9781444957655""",5,4.46,Hodder Children's Books,Paperback,336,2023,2023,2023/12/26,2022/03/24,,,read,,,,1,0
197041827,The Boyfriend Subscription,Steven Salvatore,"Salvatore, Steven",,"=""1335041591""","=""9781335041593""",0,3.55,Afterglow Books by Harlequin,Paperback,288,2024,2024,,2023/12/26,to-read,to-read (#327),to-read,,,,0,0
199026522,Middle of the Night,Riley Sager,"Sager, Riley",,"=""0593472373""","=""9780593472378""",0,3.67,Dutton,Hardcover,376,2024,2024,,2023/12/26,to-read,to-read (#326),to-read,,,,0,0
199798953,One Perfect Couple,Ruth Ware,"Ware, Ruth",,"=""1668025590""","=""9781668025598""",0,3.63,Scout Press,Hardcover,385,2024,2024,,2023/12/26,to-read,to-read (#325),to-read,,,,0,0
127280062,"Ruthless Vows (Letters of Enchantment, #2)",Rebecca   Ross,"Ross, Rebecca",,"=""1250857457""","=""9781250857453""",0,3.99,Wednesday Books,Hardcover,420,2023,2023,,2023/11/27,"to-read, 24-in-24","to-read (#315), 24-in-24 (#1)",to-read,,,,0,0
51777605,The Office of Historical Corrections,Danielle  Evans,"Evans, Danielle",,"=""1594487332""","=""9781594487330""",4,4.16,Riverhead Books,Hardcover,269,2020,2020,2023/12/18,2023/10/30,,,read,,,,1,0
200982268,"Celestial Monsters (The Sunbearer Duology, #2)",Aiden Thomas,"Thomas, Aiden",,"=""1250822084""","=""9781250822086""",0,4.15,Feiwel & Friends,Hardcover,416,2024,2024,,2022/12/26,to-read,to-read (#197),to-read,,,,0,0
25526296,"Every Heart a Doorway (Wayward Children, #1)",Seanan McGuire,"McGuire, Seanan",,"=""0765385503""","=""9780765385505""",5,3.81,Tor.com,Hardcover,176,2016,2016,2023/12/14,2023/12/11,,,read,,,,1,0
199798522,I Was a Teenage Slasher,Stephen Graham Jones,"Jones, Stephen Graham",,"=""1668022249""","=""9781668022245""",0,3.51,S&S/Saga Press,Hardcover,373,2024,2024,,2023/12/11,to-read,to-read (#324),to-read,,,,0,0
157979441,Island Witch,Amanda Jayatissa,"Jayatissa, Amanda",,"=""0593549260""","=""9780593549261""",0,3.62,Berkley,Hardcover,384,2024,2024,,2023/12/11,to-read,to-read (#323),to-read,,,,0,0
61725531,Womb City,Tlotlo Tsamaase,"Tsamaase, Tlotlo",,"=""1645660567""","=""9781645660569""",0,3.20,Erewhon Books,Hardcover,416,2024,2018,,2023/12/11,to-read,to-read (#322),to-read,,,,0,0
199440249,The Pairing,Casey McQuiston,"McQuiston, Casey",,"=""1250862744""","=""9781250862747""",0,3.68,St. Martin's Griffin,Paperback,407,2024,2024,,2023/12/11,to-read,to-read (#321),to-read,,,,0,0
173404023,A Love Song for Ricki Wilde,Tia Williams,"Williams, Tia",,"=""153872670X""","=""9781538726709""",0,3.99,Grand Central Publishing,Hardcover,352,2024,2024,,2023/12/11,to-read,to-read (#320),to-read,,,,0,0
199743738,The Midnight Feast,Lucy Foley,"Foley, Lucy",,"=""0063003104""","=""9780063003101""",0,3.58,William Morrow,Hardcover,354,2024,2024,,2023/12/11,to-read,to-read (#318),to-read,,,,0,0
198281740,The Life Impossible,Matt Haig,"Haig, Matt",,"=""0593489276""","=""9780593489277""",0,3.48,Viking,Hardcover,324,2024,2024,,2023/12/11,to-read,to-read (#317),to-read,,,,0,0
60657589,"Emily Wilde's Encyclopaedia of Faeries (Emily Wilde, #1)",Heather Fawcett,"Fawcett, Heather",,"=""059350013X""","=""9780593500132""",4,3.97,Del Rey,Hardcover,317,2023,2023,2023/12/10,2023/06/12,,,read,,,,1,0
63133205,The Woman in Me,Britney Spears,"Spears, Britney",,"=""1668009048""","=""9781668009048""",0,3.83,Gallery Books,Hardcover,288,2023,2023,2023/12/10,2023/08/15,,,read,"I won’t rate or review the content of a memoir but this was poorly written. I don’t know a lot about ghost writing or the editing world but, for the heavy topics and horrific experiences described, it really needed stronger writing.",,,1,0
199797582,The Paradise Problem,Christina Lauren,"Lauren, Christina",,"=""1668017725""","=""9781668017722""",0,4.07,Gallery Books,Hardcover,352,2024,2024,,2023/12/10,to-read,to-read (#316),to-read,,,,0,0
60683957,Check & Mate,Ali Hazelwood,"Hazelwood, Ali",,"=""0593619919""","=""9780593619919""",3,3.94,G.P. Putnam's Sons Books for Young Readers,Paperback,353,2023,2023,2023/12/01,2023/09/03,,,read,3.5 ⭐️,,,1,0
60784546,"Divine Rivals (Letters of Enchantment, #1)",Rebecca   Ross,"Ross, Rebecca",,"=""1250857430""","=""9781250857439""",4,4.15,Wednesday Books,Hardcover,368,2023,2023,2023/11/27,2023/08/19,,,read,,,,1,0
75665887,"You, Again",Kate Goldbeck,"Goldbeck, Kate",,"=""059344812X""","=""9780593448120""",3,3.55,Random House Publishing Group,Paperback,448,2023,2023,2023/11/17,2023/09/03,,,read,,,,1,0
63876551,On Our Best Behavior: The Seven Deadly Sins and the Price Women Pay to Be Good,Elise Loehnen,"Loehnen, Elise",,"=""059324303X""","=""9780593243039""",0,3.77,The Dial Press,Hardcover,384,2023,2023,,2023/11/13,to-read,to-read (#314),to-read,,,,0,0
18143977,All the Light We Cannot See,Anthony Doerr,"Doerr, Anthony",,"=""1476746583""","=""9781476746586""",0,4.31,Scribner,Hardcover,531,2014,2014,,2023/11/09,to-read,to-read (#313),to-read,,,,0,0
386162,"The Hitchhiker’s Guide to the Galaxy (The Hitchhiker's Guide to the Galaxy, #1)",Douglas Adams,"Adams, Douglas",,"=""""","=""""",4,4.22,Del Rey,Paperback,193,2007,1979,2023/11/05,2020/11/30,,,read,,,,1,0
123204547,The New Naturals,Gabriel Bump,"Bump, Gabriel",,"=""1616208805""","=""9781616208806""",0,2.84,Algonquin Books,Hardcover,304,2023,2023,,2023/11/03,to-read,to-read (#312),to-read,,,,0,0
50358031,Leave the World Behind,Rumaan Alam,"Alam, Rumaan",,"=""0062667637""","=""9780062667632""",4,3.15,Ecco,Hardcover,241,2020,2020,2023/10/27,2023/07/02,,,read,,,,1,0
56179372,Slewfoot: A Tale of Bewitchery,Brom,"Brom, Brom",,"=""125062200X""","=""9781250622006""",0,4.21,Tor Nightfire,Hardcover,305,2021,2021,,2022/10/05,to-read,to-read (#181),to-read,,,,0,0
78299256,Hitchcock's Blondes: The Unforgettable Women Behind the Legendary Director's Dark Obsession,Laurence Leamer,"Leamer, Laurence",,"=""0593542975""","=""9780593542972""",0,3.42,G.P. Putnam's Sons,Hardcover,336,2023,2023,,2023/10/23,to-read,to-read (#310),to-read,,,,0,0
56293845,Playing the Palace,Paul   Rudnick,"Rudnick, Paul",,"=""0593099419""","=""9780593099414""",1,3.22,Berkley,Paperback,272,2021,2021,2023/10/19,2023/10/11,,,read,"Dude said “I wanna write a book today,” and then he did.",,,1,0
144974,The Velveteen Rabbit,Margery Williams Bianco,"Bianco, Margery Williams",William   Nicholson,"=""0380002558""","=""9780380002559""",0,4.31,Avon,Paperback,40,1987,1922,,2023/10/16,,,read,,,,1,0
6327,The Witches,Roald Dahl,"Dahl, Roald",Quentin Blake,"=""0590032496""","=""9780590032490""",0,4.18,Scholastic Inc.,Paperback,208,1997,1983,2023/10/15,2020/10/04,,,read,,,,1,0
54717138,The Nature of Witches,Rachel  Griffin,"Griffin, Rachel",,"=""1728229421""","=""9781728229423""",5,3.79,Sourcebooks Fire,Hardcover,367,2021,2021,2023/10/11,2021/12/14,favorites,favorites (#7),read,,,,1,0
62919742,How to Say Babylon,Safiya Sinclair,"Sinclair, Safiya",,"=""1982132337""","=""9781982132330""",0,4.43,37 Ink,Hardcover,352,2023,2023,,2023/10/10,to-read,to-read (#309),to-read,,,,0,0
65646568,One Night in Hartswood,Emma Denny,"Denny, Emma",,"=""0008620075""","=""9780008620073""",0,3.76,Mills & Boon,Paperback,352,2023,2023,,2023/10/06,to-read,to-read (#308),to-read,,,,0,0
28512705,"Pinkalicious: Apples, Apples, Apples!",Victoria Kann,"Kann, Victoria",,"=""0062410792""","=""9780062410795""",0,3.81,HarperCollins,Paperback,24,2016,2016,,2023/10/06,,,read,,,,1,0
16160636,Pinkalicious: The Pinkamazing Storybook Collection,Victoria Kann,"Kann, Victoria",,"=""0062188003""","=""9780062188007""",0,4.13,HarperCollins,Paperback,188,2013,2013,,2023/10/06,,,read,,,,1,0
22328535,Pinkalicious: Cherry Blossom (I Can Read Level 1),Victoria Kann,"Kann, Victoria",,"=""0062245937""","=""9780062245939""",0,3.75,HarperCollins,Hardcover,32,2015,2015,,2023/10/06,,,read,,,,1,0
20604335,Pinkalicious: Tutu-rrific (I Can Read Level 1),Victoria Kann,"Kann, Victoria",,"=""0062187961""","=""9780062187963""",0,3.84,HarperCollins,Hardcover,32,2014,2014,,2023/10/06,,,read,,,,1,0
15818334,Pinkalicious: Flower Girl,Victoria Kann,"Kann, Victoria",,"=""006218766X""","=""9780062187666""",0,4.07,HarperCollins,Paperback,24,2013,2013,,2023/10/06,,,read,,,,1,0
7850872,Pinkalicious: Tickled Pink,Victoria Kann,"Kann, Victoria",,"=""0061928771""","=""9780061928772""",0,3.85,HarperCollins,Paperback,24,2010,2010,,2023/10/06,,,read,,,,1,0
15818339,Pinkalicious: Fairy House (I Can Read Level 1),Victoria Kann,"Kann, Victoria",,"=""0062187821""","=""9780062187826""",0,3.94,HarperCollins,Paperback,32,2013,2012,,2023/10/06,,,read,,,,1,0
7516739,Pinkalicious and the Pink Drink,Victoria Kann,"Kann, Victoria",,"=""0061927325""","=""9780061927324""",0,3.89,HarperCollins,Paperback,24,2010,2010,,2023/10/06,,,read,,,,1,0
950858,Purplicious,Victoria Kann,"Kann, Victoria",Elizabeth Kann,"=""0061244058""","=""9780061244056""",0,4.03,HarperCollins Publishers,Library Binding,32,2007,2007,,2023/10/06,,,read,,,,1,0
731804,Pinkalicious,Victoria Kann,"Kann, Victoria",Elizabeth Kann,"=""0060776390""","=""9780060776398""",0,4.08,HarperCollins,Hardcover,32,2016,2006,,2023/10/06,,,read,,,,1,0
109522,All by Myself (A Golden Look-Look Book),Mercer Mayer,"Mayer, Mercer",,"=""0307119386""","=""9780307119384""",0,4.20,Random House Books for Young Readers,Paperback,24,2001,1983,,2023/10/06,,,read,,,,1,0
728471,The Berenstain Bears Go to the Doctor,Stan Berenstain,"Berenstain, Stan",Jan Berenstain,"=""0394848357""","=""9780394848358""",0,4.12,Random House Books for Young Readers,Paperback,32,1981,1981,,2023/10/06,,,read,,,,1,0
514357,The Berenstain Bears and the Ghost of the Forest,Stan Berenstain,"Berenstain, Stan",Jan Berenstain,"=""0394805658""","=""9780394805658""",0,3.98,Random House Books for Young Readers,Paperback,32,1988,1988,,2023/10/06,,,read,,,,1,0
363973,The Little Old Lady Who Was Not Afraid of Anything,Linda    Williams,"Williams, Linda",Megan Lloyd,"=""0064431835""","=""9780064431835""",0,4.26,HarperCollins,Paperback,32,2019,1986,,2023/10/06,,,read,,,,1,0
2241348,Little Blue Truck,Alice Schertle,"Schertle, Alice",Jill McElmurry,"=""0152056610""","=""9780152056612""",0,4.50,Clarion Books,Hardcover,32,2008,2008,,2023/10/06,,,read,,,,1,0
37377,On the Night You Were Born,Nancy Tillman,"Tillman, Nancy",,"=""0312346069""","=""9780312346065""",0,4.35,Feiwel & Friends,Hardcover,32,2006,2005,,2023/10/06,,,read,,,,1,0
79879,From Head to Toe,Eric Carle,"Carle, Eric",,"=""0061119725""","=""9780061119729""",0,4.21,HarperCollins,Paperback,32,2007,1997,,2023/10/06,,,read,,,,1,0
17290220,"Rosie Revere, Engineer: A Picture Book (The Questioneers)",Andrea Beaty,"Beaty, Andrea",David Roberts,"=""1419708457""","=""9781419708459""",0,4.46,Harry N. Abrams,Hardcover,32,2013,2013,,2023/10/06,,,read,,,,1,0
13337050,Dragons Love Tacos,Adam Rubin,"Rubin, Adam",Daniel Salmieri,"=""0803736800""","=""9780803736801""",0,4.20,Dial Books,Hardcover,32,2012,2012,,2023/10/06,,,read,,,,1,0
122125,How Do Dinosaurs Say Good Night?,Jane Yolen,"Yolen, Jane",Mark Teague,"=""0590316818""","=""9780590316811""",0,4.18,The Blue Sky Press,Hardcover,40,2000,2000,,2023/10/06,,,read,,,,1,0
598160,"Polar Bear, Polar Bear, What Do You Hear?",Bill Martin Jr.,"Jr., Bill Martin",Eric Carle,"=""0805053883""","=""9780805053883""",0,4.19,Henry Holt and Co. (BYR),Board book,28,1997,1991,,2023/10/06,,,read,,,,1,0
1013383,"The Gruffalo (Gruffalo, #1)",Julia Donaldson,"Donaldson, Julia",Axel Scheffler,"=""0333710932""","=""9780333710937""",0,4.46,Macmillan Pub Ltd,Paperback,32,2001,1999,,2023/10/06,,,read,,,,1,0
17797344,Dr. Seuss's ABC: An Amazing Alphabet Book!,Dr. Seuss,"Seuss, Dr.",,"=""0385375166""","=""9780385375160""",0,4.13,Random House Books for Young Readers,Board Book,24,2014,1963,,2023/10/06,,,read,,,,1,0
133526,Blueberries for Sal,Robert McCloskey,"McCloskey, Robert",,"=""0670175919""","=""9780670175918""",0,4.22,Viking Books for Young Readers,Hardcover,56,1948,1948,,2023/10/06,,,read,,,,1,0
16101018,The Day the Crayons Quit,Drew Daywalt,"Daywalt, Drew",Oliver Jeffers,"=""0399255370""","=""9780399255373""",0,4.42,Philomel Books,Hardcover,30,2013,2013,,2023/10/06,,,read,,,,1,0
773951,The Story of Ferdinand,Munro Leaf,"Leaf, Munro",Robert Lawson,"=""0670674249""","=""9780670674244""",0,4.37,Viking,Hardcover,72,1936,1936,,2023/10/06,,,read,,,,1,0
191113,Don't Let the Pigeon Drive the Bus!,Mo Willems,"Willems, Mo",,"=""1844280136""","=""9781844280131""",0,4.33,Walker Books Ltd,Hardcover,40,2004,2003,,2023/10/06,,,read,,,,1,0
29291,Make Way for Ducklings,Robert McCloskey,"McCloskey, Robert",,"=""0670035386""","=""9780670035380""",0,4.25,Viking Press,Hardcover,64,2001,1941,,2023/10/06,,,read,,,,1,0
77767,"Little House on the Prairie (Little House, #3)",Laura Ingalls Wilder,"Wilder, Laura Ingalls",Garth Williams,"=""""","=""""",0,4.21,HarperTrophy,Paperback,335,1994,1935,,2023/10/06,,,read,,,,1,0
767680,If You Give a Mouse a Cookie (If You Give...),Laura Joffe Numeroff,"Numeroff, Laura Joffe",Felicia Bond,"=""""","=""9780060245863""",0,4.29,Harper Collins Publishers,Paperback,40,1996,1985,,2023/10/06,,,read,,,,1,0
19543,Where the Wild Things Are,Maurice Sendak,"Sendak, Maurice",,"=""0099408392""","=""9780099408390""",0,4.25,Red Fox,Paperback,38,2000,1963,,2023/10/06,,,read,,,,1,0
50548197,"A Deadly Education (The Scholomance, #1)",Naomi Novik,"Novik, Naomi",,"=""0593128486""","=""9780593128480""",0,3.94,Del Rey,Hardcover,320,2020,2020,,2023/10/05,to-read,to-read (#307),to-read,,,,0,0
36206591,Love and Other Words,Christina Lauren,"Lauren, Christina",,"=""1501190539""","=""9781501190537""",4,4.22,Gallery Books,Hardcover,432,2018,2018,2023/10/03,2023/01/04,,,read,,,,1,0
58659343,Our Wives Under the Sea,Julia Armfield,"Armfield, Julia",,"=""152901722X""","=""9781529017229""",0,3.71,Picador,Paperback,240,2022,2022,,2023/01/20,to-read,to-read (#224),to-read,,,,0,0
60293935,Black Cake,Charmaine Wilkerson,"Wilkerson, Charmaine",,"=""0593358333""","=""9780593358337""",0,4.08,Ballantine Books,Hardcover,385,2022,2022,,2023/06/13,to-read,to-read (#269),to-read,,,,0,0
123395266,Funny Feelings,Tarah DeWitt,"DeWitt, Tarah",,"=""1250329361""","=""9781250329363""",0,3.78,Griffin,Paperback,320,2023,2022,,2023/10/01,to-read,to-read (#306),to-read,,,,0,0
43911487,Family Lore,Elizabeth Acevedo,"Acevedo, Elizabeth",,"=""0063323702""","=""9780063323704""",0,3.52,Ecco,Paperback,368,2023,2023,,2022/12/27,to-read,to-read (#305),to-read,,,,0,0
58950845,"By the Book (Meant to Be, #2)",Jasmine Guillory,"Guillory, Jasmine",,"=""1368053386""","=""9781368053389""",2,3.70,Hyperion Avenue,Paperback,320,2022,2022,2023/09/27,2022/02/14,,,read,,,,1,0
103488423,Stars in Your Eyes,Kacen Callender,"Callender, Kacen",,"=""1538726033""","=""9781538726037""",0,3.77,Forever,Hardcover,352,2023,2023,,2023/09/25,to-read,to-read (#304),to-read,,,,0,0
90590131,"Iris Kelly Doesn't Date (Bright Falls, #3)",Ashley Herring Blake,"Blake, Ashley Herring",,"=""0593550579""","=""9780593550571""",0,4.10,Berkley,Paperback,402,2023,2023,,2023/09/25,to-read,to-read (#303),to-read,,,,0,0
54756850,"Delilah Green Doesn't Care (Bright Falls, #1)",Ashley Herring Blake,"Blake, Ashley Herring",,"=""0593336402""","=""9780593336403""",4,4.05,Berkley,Paperback,375,2022,2022,2023/09/15,2022/02/04,,,read,,,,1,0
62675032,Pedro & Daniel,Federico Erebia,"Erebia, Federico",Julie Kwon,"=""1646143043""","=""9781646143047""",0,4.26,Levine Querido,Hardcover,440,2023,2023,,2023/09/14,to-read,to-read (#302),to-read,,,,0,0
71872920,Witch of Wild Things (Wild Magic #1),Raquel Vasquez Gilliland,"Gilliland, Raquel Vasquez",,"=""0593548574""","=""9780593548578""",0,3.71,Berkley,Paperback,304,2023,2023,,2023/09/14,to-read,to-read (#301),to-read,,,,0,0
61885057,While You Were Out: An Intimate Family Portrait of Mental Illness in an Era of Silence,Meg Kissinger,"Kissinger, Meg",,"=""1250793777""","=""9781250793775""",0,4.27,Celadon Books,Hardcover,320,2023,2023,,2023/09/11,to-read,to-read (#300),to-read,,,,0,0
60040418,"The Maid (Molly the Maid, #1)",Nita Prose,"Prose, Nita",,"=""""","=""""",4,3.75,Ballantine Books,Hardcover,289,2022,2022,2023/09/11,2023/07/02,,,read,,,,1,0
57693411,In Defense of Witches: The Legacy of the Witch Hunts and Why Women Are Still on Trial,Mona Chollet,"Chollet, Mona","Sophie R. Lewis, Carmen Maria Machado","=""125027141X""","=""9781250271419""",0,4.05,St. Martin's Press,Hardcover,320,2022,2018,,2023/09/07,to-read,to-read (#299),to-read,,,,0,0
27264289,"This Winter (Solitaire, #0.5)",Alice Oseman,"Oseman, Alice",,"=""0008147884""","=""9780008147884""",0,4.06,HarperCollins Children's Books,ebook,120,2015,2015,2023/09/07,2023/09/06,,,read,,,,1,0
61326735,"Love, Theoretically",Ali Hazelwood,"Hazelwood, Ali",,"=""1408725797""","=""9781408725795""",4,4.08,Sphere,Paperback,389,2023,2023,2023/09/06,2023/01/06,,,read,,,,1,0
101124639,Bright Young Women,Jessica Knoll,"Knoll, Jessica",,"=""1501153226""","=""9781501153228""",0,3.99,S&S/ Marysue Rucci Books,Hardcover,384,2023,2023,,2023/08/31,to-read,to-read (#298),to-read,,,,0,0
58945351,"Wicked Beauty (Dark Olympus, #3)",Katee Robert,"Robert, Katee",,"=""1728231809""","=""9781728231808""",3,3.93,Sourcebooks Casablanca,Kindle Edition,402,2022,2022,2023/08/31,2023/02/01,,,read,,,,1,0
61641079,The Haunting of Alejandra,V. Castro,"Castro, V.",,"=""0593499697""","=""9780593499696""",0,3.65,Del Rey,Hardcover,272,2023,2023,,2023/04/05,to-read,to-read (#240),to-read,,,,0,0
63095134,"The Witch Is Back (Toil and Trouble, #1)",Sophie H. Morgan,"Morgan, Sophie H.",,"=""1335476040""","=""9781335476043""",0,3.56,Harlequin,Paperback,379,2023,2023,,2023/07/31,to-read,to-read (#288),to-read,,,,0,0
62919793,The Invisible Hour,Alice Hoffman,"Hoffman, Alice",,"=""1982175370""","=""9781982175375""",0,3.59,Scribner,Hardcover,272,2023,2023,,2023/07/31,to-read,to-read (#285),to-read,,,,0,0
142392376,Out There Screaming,Jordan Peele,"Peele, Jordan","Erin E. Adams, Violet Allen, Lesley Nneka Arimah, Maurice Broaddus, Chesya Burke, P. Djèlí Clark, Ezra Claytan Daniels, Tananarive Due, Nalo Hopkinson, N.K. Jemisin, Justin C. Key, L.D.  Lewis, Nnedi Okorafor, Tochi Onyebuchi, Rebecca Roanhorse, Nicole D. Sconiers, Rion Amilcar Scott, Terence Taylor, Cadwell Turnbull","=""059324379X""","=""9780593243794""",0,3.75,Random House,Hardcover,387,2023,2023,,2023/08/17,to-read,to-read (#296),to-read,,,,0,0
52410331,"Red, White & Royal Blue",Casey McQuiston,"McQuiston, Casey",,"=""""","=""""",5,4.05,St. Martin's Griffin,Paperback,423,2019,2019,,2020/10/09,favorites,favorites (#5),read,,,,2,0
62703226,The Only One Left,Riley Sager,"Sager, Riley",,"=""0593183223""","=""9780593183229""",4,4.13,Dutton,Hardcover,383,2023,2023,2023/08/24,2023/04/17,,,read,Slow to start moving but the ending! So many twists! And I cried! Who cries reading a thriller?,,,1,0
75665914,This Spells Love,Kate Robb,"Robb, Kate",,"=""0593596536""","=""9780593596531""",0,3.77,Dial Press Trade Paperback,Paperback,352,2023,2023,,2023/08/21,to-read,to-read (#297),to-read,,,,0,0
64414866,An Education in Malice,S.T. Gibson,"Gibson, S.T.",,"=""0356519325""","=""9780356519326""",0,3.50,Orbit,Hardcover,352,2024,2024,,2023/08/17,to-read,to-read (#295),to-read,,,,0,0
105584138,My Name Is Barbra,Barbra Streisand,"Streisand, Barbra",,"=""0525429522""","=""9780525429524""",0,4.17,Penguin Publishing Group,Hardcover,1040,2023,2023,,2023/08/15,to-read,to-read (#294),to-read,,,,0,0
62952130,The Vaster Wilds,Lauren Groff,"Groff, Lauren",,"=""0593418395""","=""9780593418390""",0,3.75,Riverhead Books,Hardcover,256,2023,2023,,2023/08/14,to-read,to-read (#293),to-read,,,,0,0
59089704,This Time Tomorrow,Emma Straub,"Straub, Emma",,"=""052553900X""","=""9780525539001""",0,3.80,Riverhead Books,Hardcover,310,2022,2022,,2023/08/11,to-read,to-read (#291),to-read,,,,0,0
60521937,A Dowry of Blood,S.T. Gibson,"Gibson, S.T.",,"=""0316501077""","=""9780316501071""",5,3.94,Redhook,Hardcover,292,2022,2021,2023/08/11,2022/10/29,,,read,,,,1,0
8303977,The Sound of a Wild Snail Eating,Elisabeth Tova Bailey,"Bailey, Elisabeth Tova",,"=""1565126068""","=""9781565126060""",0,4.15,Algonquin Books,Hardcover,208,2010,2010,,2023/08/07,to-read,to-read (#290),to-read,,,,0,0
46677,"Alexander and the Terrible, Horrible, No Good, Very Bad Day",Judith Viorst,"Viorst, Judith",Ray Cruz,"=""0689711735""","=""9780689711732""",0,4.24,Atheneum Books for Young Readers,Paperback,32,1987,1972,,2023/08/06,,,read,,,,1,0
56060300,"Heartstopper: Volume Four (Heartstopper, #4)",Alice Oseman,"Oseman, Alice",,"=""1338617567""","=""9781338617566""",5,4.58,Graphix,Hardcover,384,2022,2021,2022/03/25,2022/03/24,,,read,,,,2,0
40864030,"A Prayer for the Crown-Shy (Monk & Robot, #2)",Becky Chambers,"Chambers, Becky",,"=""""","=""""",5,4.38,Tordotcom,Kindle Edition,152,2022,2022,2023/08/06,2023/06/10,,,read,,,,1,0
32075853,Erotic Stories for Punjabi Widows,Balli Kaur Jaswal,"Jaswal, Balli Kaur",,"=""0062645129""","=""9780062645128""",3,3.93,William Morrow,Hardcover,304,2017,2017,2023/08/04,2022/09/15,,,read,,,,1,0
43449920,"Heartstopper: Volume Three (Heartstopper, #3)",Alice Oseman,"Oseman, Alice",,"=""""","=""""",5,4.54,Hodder Children's Books,Paperback,384,2020,2020,2022/03/20,2022/03/19,,,read,,,,2,0
71872896,"Congratulations, the Best is Over!",R. Eric Thomas,"Thomas, R. Eric",,"=""0593496264""","=""9780593496268""",0,4.03,Ballantine Books,Hardcover,240,2023,2023,,2023/07/31,to-read,to-read (#287),to-read,,,,0,0
85175319,The Breakaway,Jennifer Weiner,"Weiner, Jennifer",,"=""1668033429""","=""9781668033425""",0,3.75,Atria Books,Hardcover,400,2023,2023,,2023/07/31,to-read,to-read (#286),to-read,,,,0,0
43307358,"Heartstopper: Volume Two (Heartstopper, #2)",Alice Oseman,"Oseman, Alice",,"=""1444951408""","=""9781444951400""",5,4.51,Hodder Children's Books,Paperback,320,2019,2019,,2022/03/18,,,read,,,,2,0
40495957,"Heartstopper: Volume One (Heartstopper, #1)",Alice Oseman,"Oseman, Alice",,"=""152722533X""","=""9781527225336""",5,4.42,Selfpublished,Paperback,288,2018,2018,2023/07/29,2022/02/22,favorites,favorites (#4),read,Re-read number 3. Still perfect.,,,2,0
58735031,"Shady Hollow (Shady Hollow, #1)",Juneau Black,"Black, Juneau",,"=""0593315715""","=""9780593315712""",0,3.76,Vintage,Paperback,222,2022,2015,,2023/07/23,to-read,to-read (#282),to-read,,,,0,0
36117813,The Girl He Used to Know,Tracey Garvis Graves,"Graves, Tracey Garvis",,"=""1250200350""","=""9781250200358""",4,3.93,St. Martin's Press ,Hardcover,291,2019,2019,2023/07/19,2020/10/09,,,read,,,,1,0
60417459,Better Than Fiction,Alexa  Martin,"Martin, Alexa",,"=""0593337220""","=""9780593337226""",0,3.41,Berkley,Paperback,336,2022,2022,,2023/07/16,to-read,to-read (#281),to-read,,,,0,0
62710608,Business or Pleasure,Rachel Lynn Solomon,"Solomon, Rachel Lynn",,"=""0593548531""","=""9780593548530""",0,3.73,Berkley,Paperback,352,2023,2023,,2023/07/16,to-read,to-read (#280),to-read,,,,0,0
526869,"Peyton Place (Peyton Place, #1)",Grace Metalious,"Metalious, Grace",Ardis Cameron,"=""1555534007""","=""9781555534004""",0,3.81,Northeastern University Press,Paperback,384,1999,1956,,2023/07/16,to-read,to-read (#279),to-read,,,,0,0
62794544,Fake Dates and Mooncakes,Sher Lee,"Lee, Sher",,"=""0593569954""","=""9780593569955""",3,3.81,Underlined,Paperback,272,2023,2023,2023/07/15,2023/05/02,,,read,,,,1,0
58536037,"Woman, Eating",Claire Kohda,"Kohda, Claire",,"=""0063140888""","=""9780063140882""",4,3.43,HarperVia,Hardcover,240,2022,2022,2023/07/11,2022/12/25,,,read,"If Bella Swan had been a vampire the whole time, I think these would maybe be her vibes",,,1,0
61089456,The Once and Future Sex: Going Medieval on Women's Roles in Society,Eleanor Janega,"Janega, Eleanor",,"=""0393867811""","=""9780393867817""",0,4.06,W. W. Norton & Company,Hardcover,272,2023,2023,2023/07/04,2023/02/07,,,read,,,,1,0
36552920,My Year of Rest and Relaxation,Ottessa Moshfegh,"Moshfegh, Ottessa",,"=""0525522115""","=""9780525522119""",0,3.60,Penguin Press,Hardcover,289,2018,2018,,2023/07/02,to-read,to-read (#278),to-read,,,,0,0
45046893,Oona Out of Order,Margarita Montimore,"Montimore, Margarita",,"=""1250236606""","=""9781250236609""",0,3.86,Flatiron Books,Hardcover,339,2020,2020,,2023/07/02,to-read,to-read (#277),to-read,,,,0,0
60654349,Weyward,Emilia Hart,"Hart, Emilia",,"=""125028080X""","=""9781250280800""",0,4.06,St. Martin's Press,Hardcover,329,2023,2023,,2023/07/02,to-read,to-read (#276),to-read,,,,0,0
60196684,No Two Persons,Erica Bauermeister,"Bauermeister, Erica",,"=""1250284376""","=""9781250284372""",0,4.05,St Martin's Press,Hardcover,314,2023,2023,,2023/07/02,to-read,to-read (#274),to-read,,,,0,0
42833687,Things My Son Needs to Know About the World,Fredrik Backman,"Backman, Fredrik",Alice Menzies,"=""1501196863""","=""9781501196867""",3,3.99,Atria Books,Hardcover,208,2019,2012,2023/06/23,2020/12/01,,,read,,,,1,0
60473073,Pageboy,Elliot Page,"Page, Elliot",,"=""""","=""""",0,3.73,Flatiron,Unknown Binding,271,2023,2023,2023/06/21,2023/05/15,,,read,,,,1,0
26074156,Hunger: A Memoir of (My) Body,Roxane Gay,"Gay, Roxane",,"=""0062362593""","=""9780062362599""",0,4.17,HarperCollins,Hardcover,306,2017,2017,,2023/06/20,to-read,to-read (#271),to-read,,,,0,0
22552026,Long Way Down,Jason Reynolds,"Reynolds, Jason",,"=""1481438255""","=""9781481438254""",0,4.24,Atheneum/Caitlyn Dlouhy Books,Hardcover,306,2017,2017,,2023/06/16,to-read,to-read (#270),to-read,,,,0,0
59054191,"Loathe to Love You (The STEMinist Novellas, #1-3)",Ali Hazelwood,"Hazelwood, Ali",,"=""1408726777""","=""9781408726778""",3,3.84,Sphere,Paperback,370,2023,2023,2023/06/15,2023/01/06,,,read,,,,1,0
58395053,Groundskeeping,Lee Cole,"Cole, Lee",,"=""0593320506""","=""9780593320501""",0,3.57,Knopf,Hardcover,323,2022,2022,,2023/06/13,to-read,to-read (#268),to-read,,,,0,0
58885796,The Last White Man,Mohsin Hamid,"Hamid, Mohsin",,"=""0593538811""","=""9780593538814""",4,3.43,Riverhead Books,Hardcover,192,2022,2022,2023/06/13,2023/05/10,,,read,,,,1,0
61609871,The Trackers,Charles Frazier,"Frazier, Charles",,"=""0062948083""","=""9780062948083""",0,3.69,Ecco,Hardcover,320,2023,2023,,2023/06/12,to-read,to-read (#266),to-read,,,,0,0
40864002,"A Psalm for the Wild-Built (Monk & Robot, #1)",Becky Chambers,"Chambers, Becky",,"=""""","=""""",5,4.22,Tordotcom,ebook,151,2021,2021,2023/06/10,2023/05/19,,,read,,,,1,0
62361081,The True Love Experiment,Christina Lauren,"Lauren, Christina",,"=""1982173432""","=""9781982173432""",5,4.07,Gallery Books,Hardcover,409,2023,2023,2023/06/07,2023/01/12,,,read,,,,1,0
20170404,Station Eleven,Emily St. John Mandel,"Mandel, Emily St. John",,"=""0385353308""","=""9780385353304""",4,4.07,Knopf,Hardcover,333,2014,2014,2023/05/31,2022/01/10,,,read,,,,1,0
44280883,All Boys Aren’t Blue,George M.   Johnson,"Johnson, George M.",,"=""0374312710""","=""9780374312718""",0,4.19,"Farrar, Straus and Giroux (BYR)",Hardcover,304,2020,2020,,2023/05/30,to-read,to-read (#264),to-read,,,,0,0
52180399,The Only Good Indians,Stephen Graham Jones,"Jones, Stephen Graham",,"=""1982136456""","=""9781982136451""",0,3.68,Gallery / Saga Press,Hardcover,305,2020,2020,,2023/05/30,to-read,to-read (#263),to-read,,,,0,0
50202953,Piranesi,Susanna Clarke,"Clarke, Susanna",,"=""163557563X""","=""9781635575637""",0,4.22,Bloomsbury,Hardcover,272,2020,2020,,2023/05/30,to-read,to-read (#261),to-read,,,,0,0
52698452,The Book of Longings,Sue Monk Kidd,"Kidd, Sue Monk",,"=""052542976X""","=""9780525429760""",0,4.23,Viking,Hardcover,416,2020,2020,,2023/05/30,to-read,to-read (#259),to-read,,,,0,0
44286431,Home Work: A Memoir of My Hollywood Years,Julie Andrews Edwards,"Edwards, Julie Andrews",Emma Walton Hamilton,"=""0306845989""","=""9780306845987""",0,3.88,Grand Central Publishing,Hardcover,340,2019,2019,,2023/05/30,to-read,to-read (#258),to-read,,,,0,0
42815544,"Bunny (Bunny, #1)",Mona Awad,"Awad, Mona",,"=""0525559736""","=""9780525559733""",0,3.47,Viking,Hardcover,307,2019,2019,,2023/05/30,to-read,to-read (#257),to-read,,,,0,0
42080142,The Turn of the Key,Ruth Ware,"Ware, Ruth",,"=""1501188771""","=""9781501188770""",0,3.91,Scout Press,Hardcover,337,2019,2019,,2023/05/30,to-read,to-read (#256),to-read,,,,0,0
62050250,A Living Remedy: A Memoir,Nicole Chung,"Chung, Nicole",,"=""0063031612""","=""9780063031616""",0,3.99,Ecco,Hardcover,256,2023,2023,,2023/05/26,to-read,to-read (#255),to-read,,,,0,0
61341469,The Lonely Hearts Book Club,Lucy Gilmore,"Gilmore, Lucy",,"=""1728256216""","=""9781728256214""",3,3.88,Sourcebooks Casablanca,Paperback,352,2023,2023,2023/05/24,2023/05/14,,,read,,,,1,0
46157017,Our Dining Table,Mita Ori,"Ori, Mita",,"=""164275756X""","=""9781642757569""",4,4.50,Seven Seas,Paperback,236,2019,2017,2023/05/24,2023/05/21,,,read,,,,1,0
62336871,The Forbidden Territory of a Terrifying Woman,Molly Lynch,"Lynch, Molly",,"=""1646221427""","=""9781646221424""",0,3.45,Catapult,Hardcover,288,2023,2023,,2023/05/17,to-read,to-read (#253),to-read,,,,0,0
62339069,Summer Reading,Jenn McKinlay,"McKinlay, Jenn",,"=""0593545729""","=""9780593545720""",0,3.47,Berkley,Paperback,435,2023,2023,,2023/05/16,to-read,to-read (#252),to-read,,,,0,0
62365905,We Could Be So Good,Cat Sebastian,"Sebastian, Cat",,"=""0063272768""","=""9780063272767""",0,4.26,Avon,Paperback,384,2023,2023,,2023/05/15,to-read,to-read (#251),to-read,,,,0,0
62687857,The Covenant of Water,Abraham   Verghese,"Verghese, Abraham",,"=""""","=""""",0,4.41,Grove Press,Hardcover,724,2023,2023,,2023/05/13,to-read,to-read (#249),to-read,,,,0,0
57850265,How High We Go in the Dark,Sequoia Nagamatsu,"Nagamatsu, Sequoia",,"=""0063072645""","=""9780063072640""",5,3.82,William Morrow,Hardcover,293,2022,2022,2023/05/13,2022/05/04,,,read,,,,1,0
59049282,Black Candle Women,Diane Marie Brown,"Brown, Diane Marie",,"=""1525899910""","=""9781525899911""",0,3.42,Graydon House Books,Hardcover,336,2023,2023,,2023/05/10,to-read,to-read (#248),to-read,,,,0,0
61797464,Meet Me at the Lake,Carley Fortune,"Fortune, Carley",,"=""0735243786""","=""9780735243781""",0,3.68,Viking,Paperback,336,2023,2023,,2023/05/10,to-read,to-read (#247),to-read,,,,0,0
61918816,"Yours Truly (Part of Your World, #2)",Abby Jimenez,"Jimenez, Abby",,"=""1538704390""","=""9781538704394""",5,4.30,Forever,Paperback,398,2023,2023,2023/05/08,2023/01/13,,,read,,,,1,0
10592,Carrie,Stephen        King,"King, Stephen",,"=""1416524304""","=""9781416524304""",4,3.99,Pocket,Mass Market Paperback,272,2005,1974,2023/05/04,2022/10/29,,,read,,,,1,0
61349385,Famous for a Living,Melissa    Ferguson,"Ferguson, Melissa",,"=""0840702485""","=""9780840702487""",0,3.50,Thomas Nelson,Paperback,309,2023,2023,,2023/05/04,to-read,to-read (#246),to-read,,,,0,0
58724626,"What Moves the Dead (Sworn Soldier, #1)",T. Kingfisher,"Kingfisher, T.",,"=""1250830753""","=""9781250830753""",4,3.85,Tor Nightfire,Hardcover,165,2022,2022,2022/09/07,2023/05/03,,,read,,,,2,0
60847626,The Last Tale of the Flower Bride,Roshani Chokshi,"Chokshi, Roshani",,"=""""","=""""",0,3.69,HarperCollins ,Hardcover,304,2023,2023,,2023/05/02,to-read,to-read (#245),to-read,,,,0,0
55506996,The Wedding Crasher,Mia Sosa,"Sosa, Mia",,"=""0062909894""","=""9780062909893""",4,3.65,Avon,Paperback,385,2022,2022,2023/05/02,2022/12/20,,,read,,,,1,0
62092265,The Late Americans,Brandon  Taylor,"Taylor, Brandon",,"=""0593332334""","=""9780593332337""",0,3.34,Riverhead Books,Hardcover,303,2023,2023,,2023/04/25,to-read,to-read (#244),to-read,,,,0,0
60913577,The Half Moon,Mary Beth Keane,"Keane, Mary Beth",,"=""1982172606""","=""9781982172602""",0,3.40,Scribner,Hardcover,304,2023,2023,,2023/04/25,to-read,to-read (#243),to-read,,,,0,0
37819089,Black Enough: Stories of Being Young & Black in America,Ibi Zoboi,"Zoboi, Ibi","Tracey Baptiste, Coe Booth, Dhonielle Clayton, Brandy Colbert, Jay Coles, Lamar Giles, Leah  Henderson, Justina Ireland, Varian Johnson, Kekla Magoon, Tochi Onyebuchi, Jason Reynolds, Nic Stone, Liara Tamani, Renée  Watson, Rita Williams-Garcia","=""0062698745""","=""9780062698742""",0,4.13,Balzer + Bray,ebook,416,2019,2019,,2023/04/24,to-read,to-read (#242),to-read,,,,0,0
62837289,Becoming Free Indeed: My Story of Disentangling Faith from Fear,Jinger Duggar Vuolo,"Vuolo, Jinger Duggar",,"=""""","=""""",0,3.61,Thomas Nelson,Hardcover,221,2023,2023,2023/04/24,2023/04/18,,,read,,,,1,0
62628727,Romantic Comedy,Curtis Sittenfeld,"Sittenfeld, Curtis",,"=""0399590943""","=""9780399590948""",3,3.62,Random House,Hardcover,309,2023,2023,2023/04/23,2023/03/29,,,read,,,,1,0
59641216,"Friends, Lovers, and the Big Terrible Thing",Matthew  Perry,"Perry, Matthew",Lisa Kudrow,"=""1250866448""","=""9781250866448""",0,3.94,Flatiron Books,Hardcover,250,2022,2022,2023/04/18,2022/08/23,,,read,,,,1,0
58687126,Finding Me,Viola Davis,"Davis, Viola",,"=""0063037327""","=""9780063037328""",0,4.54,HarperOne,Hardcover,304,2022,2022,,2023/04/15,to-read,to-read (#241),to-read,,,,0,0
59364173,I'm Glad My Mom Died,Jennette McCurdy,"McCurdy, Jennette",,"=""""","=""""",0,4.44,Simon & Schuster,ebook,320,2022,2022,2023/04/12,2023/03/22,,,read,,,,1,0
43261127,Tiny Habits: The Small Changes That Change Everything,B.J.  Fogg,"Fogg, B.J.",,"=""0358003326""","=""9780358003328""",0,4.13,Harvest,Hardcover,320,2020,2019,2023/04/07,2020/10/10,,,read,,,,1,0
61884832,All the Sinners Bleed,S.A. Cosby,"Cosby, S.A.",,"=""1250831911""","=""9781250831910""",0,4.21,Flatiron Books,Hardcover,338,2023,2023,,2023/04/05,to-read,to-read (#238),to-read,,,,0,0
62049729,The Celebrants,Steven  Rowley,"Rowley, Steven",,"=""0593540425""","=""9780593540428""",0,3.63,G.P. Putnam's Sons,Hardcover,320,2023,2023,,2023/04/05,to-read,to-read (#237),to-read,,,,0,0
20912424,"The War That Saved My Life (The War That Saved My Life, #1)",Kimberly Brubaker Bradley,"Bradley, Kimberly Brubaker",,"=""0803740816""","=""9780803740815""",0,4.49,Dial Books,Hardcover,316,2015,2015,,2023/04/05,to-read,to-read (#236),to-read,,,,0,0
62296528,Spare,Prince Harry,"Harry, Prince",J.R. Moehringer,"=""0593593804""","=""9780593593806""",0,3.84,Random House,Hardcover,410,2023,2023,2023/04/04,2022/12/31,,,read,,,,1,0
53138099,"Finlay Donovan Is Killing It (Finlay Donovan, #1)",Elle Cosimano,"Cosimano, Elle",,"=""1250241707""","=""9781250241702""",0,3.99,Minotaur Books,Hardcover,368,2021,2021,,2023/02/06,to-read,to-read (#235),to-read,,,,0,0
59947696,Wrong Place Wrong Time,Gillian McAllister,"McAllister, Gillian",,"=""0063252341""","=""9780063252349""",0,3.97,William Morrow,Hardcover,416,2022,2022,,2023/03/29,to-read,to-read (#234),to-read,,,,0,0
58733693,Remarkably Bright Creatures,Shelby Van Pelt,"Pelt, Shelby Van",,"=""0063204150""","=""9780063204157""",0,4.36,Ecco,Hardcover,368,2022,2022,,2023/03/22,to-read,to-read (#233),to-read,,,,0,0
59628705,Ten Steps to Nanette: A Memoir Situation,Hannah Gadsby,"Gadsby, Hannah",,"=""198481978X""","=""9781984819789""",0,4.46,Ballantine Books,Hardcover,387,2022,2022,2023/03/22,2022/06/07,,,read,,,,1,0
45153160,A Black Women's History of the United States (ReVisioning History),Daina Ramey Berry,"Berry, Daina Ramey",Kali Nicole Gross,"=""0807033553""","=""9780807033555""",0,4.29,Beacon Press,Hardcover,273,2020,2020,,2023/03/16,to-read,to-read (#231),to-read,,,,0,0
61273863,The Writing Retreat,Julia Bartz,"Bartz, Julia",,"=""1982199458""","=""9781982199456""",0,3.42,Atria/Emily Bestler Books,Hardcover,313,2023,2023,,2023/03/16,to-read,to-read (#230),to-read,,,,0,0
60018635,The Very Secret Society of Irregular Witches,Sangu Mandanna,"Mandanna, Sangu",,"=""059343935X""","=""9780593439357""",4,4.04,Berkley,Paperback,318,2022,2022,2023/03/14,2022/09/06,,,read,,,,1,0
61153763,Welcome Me to the Kingdom: Stories,Mai Nardone,"Nardone, Mai",,"=""0593498186""","=""9780593498187""",0,3.51,Random House,Hardcover,288,2023,2023,,2023/03/10,to-read,to-read (#229),to-read,,,,0,0
60877616,"Really Good, Actually",Monica Heisey,"Heisey, Monica",,"=""0063235412""","=""9780063235410""",3,3.14,William Morrow,Hardcover,370,2023,2023,2023/03/09,2023/01/17,,,read,This was a ride. I’d go from laughing out loud to cringing to heartbreak and back again. I’m down for an unlikeable protagonist but Maggie had moments that were a bit too much. Maybe she’s just too human?,,,1,0
43317482,In the Dream House,Carmen Maria Machado,"Machado, Carmen Maria",,"=""1644450038""","=""9781644450031""",0,4.39,Graywolf Press,Hardcover,251,2019,2019,2023/02/26,2021/10/11,,,read,Uniquely and beautifully written,,,1,0
58724801,The Bodyguard,Katherine Center,"Center, Katherine",,"=""1250219396""","=""9781250219398""",4,3.94,St. Martin's Press,Hardcover,302,2022,2022,2023/02/17,2022/12/20,,,read,,,,1,0
31373633,And Every Morning the Way Home Gets Longer and Longer,Fredrik Backman,"Backman, Fredrik",Alice Menzies,"=""1501160575""","=""9781501160578""",5,4.33,Atria Books,Kindle Edition,97,2016,2015,2023/02/06,2023/02/05,,,read,,,,1,0
60209475,We Spread,Iain Reid,"Reid, Iain",,"=""1982169354""","=""9781982169350""",4,3.76,Gallery/Scout Press,Hardcover,289,2022,2022,2023/02/06,2023/02/04,,,read,,,,1,0
42036538,"Gideon the Ninth (The Locked Tomb, #1)",Tamsyn Muir,"Muir, Tamsyn",,"=""1250313198""","=""9781250313195""",0,4.19,Tor,Hardcover,448,2019,2019,,2023/02/05,to-read,to-read (#226),to-read,,,,0,0
49247242,Ring Shout,P. Djèlí Clark,"Clark, P. Djèlí",,"=""1250767024""","=""9781250767028""",0,3.95,Tordotcom,Hardcover,185,2020,2020,2023/02/04,2022/10/27,,,read,,,,1,0
33574273,"A Wrinkle in Time (Time Quintet, #1)",Madeleine L'Engle,"L'Engle, Madeleine",,"=""1250153271""","=""9781250153272""",2,3.97,Square Fish,Paperback,218,2017,1962,2023/01/31,2020/10/04,,,read,,,,1,0
53988823,"Before the Coffee Gets Cold: Tales from the Café (Before the Coffee Gets Cold, #2)",Toshikazu Kawaguchi,"Kawaguchi, Toshikazu",,"=""""","=""9781529050875""",0,3.96,Picador,ebook,208,2020,2017,,2023/01/30,to-read,to-read (#225),to-read,,,,0,0
18162954,Galatea,Madeline Miller,"Miller, Madeline",,"=""1408848147""","=""""",0,3.93,Bloomsbury Paperbacks,Kindle Edition,27,2013,2013,2023/01/25,2023/01/16,,,read,,,,1,0
58684524,"Part of Your World (Part of Your World, #1)",Abby Jimenez,"Jimenez, Abby",,"=""1538704374""","=""9781538704370""",4,4.26,Forever,Paperback,389,2022,2022,2023/01/25,2022/12/20,,,read,,,,1,0
33295690,Dress Codes for Small Towns,Courtney C. Stevens,"Stevens, Courtney C.",,"=""0062398539""","=""9780062398536""",5,3.88,HarperTeen,Kindle Edition,357,2017,2017,2023/01/17,2021/05/17,favorites,favorites (#6),read,,,,1,0
39332293,"Glitterland (Spires, #1)",Alexis  Hall,"Hall, Alexis",,"=""1912688905""","=""9781912688906""",0,3.99,Alexis Hall,Kindle Edition,286,2018,2013,,2023/01/17,to-read,to-read (#223),to-read,,,,0,0
61913612,Best Men,Sidney Karger,"Karger, Sidney",,"=""0593439481""","=""9780593439487""",0,3.33,Berkley,Paperback,341,2023,2023,,2023/01/12,to-read,to-read (#218),to-read,,,,0,0
62365891,"Unfortunately Yours  (A Vine Mess, #2)",Tessa Bailey,"Bailey, Tessa",,"=""0063239035""","=""9780063239036""",0,3.76,Avon,Paperback,384,2023,2023,,2023/01/12,to-read,to-read (#217),to-read,,,,0,0
61327472,Love and Other Flight Delays,Denise  Williams,"Williams, Denise",,"=""0593441079""","=""9780593441077""",0,3.47,Penguin Publishing Group,Paperback,433,2023,2023,,2023/01/12,to-read,to-read (#216),to-read,,,,0,0
61399138,"Something Wild & Wonderful (Nashville Love, #2)",Anita Kelly,"Kelly, Anita",,"=""1538754886""","=""9781538754887""",0,4.24,Forever,Paperback,384,2023,2023,,2023/01/12,to-read,to-read (#215),to-read,,,,0,0
61111297,Ruby Spencer's Whisky Year,Rochelle Bilow,"Bilow, Rochelle",,"=""0593547888""","=""9780593547885""",0,3.41,Berkley,Paperback,346,2023,2023,,2023/01/12,to-read,to-read (#214),to-read,,,,0,0
61109599,"Secretly Yours (A Vine Mess, #1)",Tessa Bailey,"Bailey, Tessa",,"=""0063238985""","=""9780063238985""",0,3.26,Avon,Paperback,384,2023,2023,,2023/01/12,to-read,to-read (#213),to-read,,,,0,0
61156498,Lunar Love,Lauren Kung Jessen,"Jessen, Lauren Kung",,"=""1538710250""","=""9781538710258""",0,3.47,Forever,Paperback,336,2023,2023,,2023/01/12,to-read,to-read (#212),to-read,,,,0,0
44421460,"Before the Coffee Gets Cold (Before the Coffee Gets Cold, #1)",Toshikazu Kawaguchi,"Kawaguchi, Toshikazu",Geoffrey Trousselot,"=""1529029589""","=""9781529029581""",3,3.66,Picador,Paperback,293,2019,2015,2023/01/12,2020/10/24,,,read,,,,1,0
25793458,Nick and Charlie,Alice Oseman,"Oseman, Alice",,"=""0008147876""","=""9780008147877""",0,4.13,HarperCollins Children's Books,ebook,120,2015,2015,2023/01/06,2023/01/06,,,read,,,,1,0
28449207,"Strange the Dreamer (Strange the Dreamer, #1)",Laini Taylor,"Taylor, Laini",,"=""0316341681""","=""9780316341684""",0,4.28,"Little, Brown Books for Young Readers",Hardcover,532,2017,2017,,2023/01/04,to-read,to-read (#211),to-read,,,,0,0
57661359,"Electric Idol (Dark Olympus, #2)",Katee Robert,"Robert, Katee",,"=""1728231760""","=""9781728231761""",0,3.94,Sourcebooks Casablanca,Paperback,384,2022,2022,2023/01/03,2022/12/31,,,read,,,,1,0
62052300,Quietly Hostile: Essays,Samantha Irby,"Irby, Samantha",,"=""0593315693""","=""9780593315699""",0,3.67,Vintage,Paperback,290,2023,2023,,2022/12/31,to-read,to-read (#210),to-read,,,,0,0
59357120,Yellowface,R.F. Kuang,"Kuang, R.F.",,"=""""","=""""",0,3.73,The Borough Press,Hardcover,329,2023,2023,,2022/12/31,to-read,to-read (#208),to-read,,,,0,0
61214136,The Collected Regrets of Clover,Mikki Brammer,"Brammer, Mikki",,"=""1250284392""","=""9781250284396""",0,4.16,St Martin's Press,Hardcover,320,2023,2023,,2022/12/31,to-read,to-read (#207),to-read,,,,0,0
59573299,Signal Fires,Dani Shapiro,"Shapiro, Dani",,"=""0593534727""","=""9780593534724""",0,3.91,Knopf,Hardcover,229,2022,2022,,2022/12/31,to-read,to-read (#206),to-read,,,,0,0
22232,"Stargirl (Stargirl, #1)",Jerry Spinelli,"Spinelli, Jerry",,"=""0439488400""","=""9780439488402""",4,3.77,Scholastic,Paperback,186,2002,2000,2022/12/31,2021/05/19,,,read,,,,1,0
36412998,The Stars and the Blackness Between Them,Junauda Petrus,"Petrus, Junauda",,"=""052555548X""","=""9780525555483""",0,4.25,Dutton Books for Young Readers,Hardcover,312,2019,2019,,2022/07/03,to-read,to-read (#205),to-read,,,,0,0
20618110,Solitaire,Alice Oseman,"Oseman, Alice",,"=""""","=""""",0,3.92,Harper Collins Children's Books UK,Paperback,392,2014,2014,2022/12/28,2022/12/19,,,read,,,,1,0
61897968,"Practice Makes Perfect (When in Rome, #2)",Sarah       Adams,"Adams, Sarah",,"=""0593500806""","=""9780593500804""",0,4.00,Dell,Paperback,335,2023,2023,,2022/12/27,to-read,to-read (#204),to-read,,,,0,0
61273342,Camp Zero,Michelle Min Sterling,"Sterling, Michelle Min",,"=""1668007568""","=""9781668007563""",0,3.21,Atria Books,Hardcover,304,2023,2023,,2022/12/27,to-read,to-read (#203),to-read,,,,0,0
36381091,The Cabin at the End of the World,Paul Tremblay,"Tremblay, Paul",,"=""0062679104""","=""9780062679109""",0,3.32,William Morrow,Hardcover,288,2018,2018,,2022/12/27,to-read,to-read (#201),to-read,,,,0,0
56179377,Nettle & Bone,T. Kingfisher,"Kingfisher, T.",,"=""1250244048""","=""9781250244048""",0,4.08,Tor Books,Hardcover,243,2022,2022,,2022/12/27,to-read,to-read (#200),to-read,,,,0,0
55878999,"The Sunbearer Trials (The Sunbearer Duology, #1)",Aiden Thomas,"Thomas, Aiden",,"=""""","=""""",0,4.28,Feiwel & Friends,Kindle Edition,352,2022,2022,,2022/12/26,to-read,to-read (#198),to-read,,,,0,0
60052118,House of Hunger,Alexis Henderson,"Henderson, Alexis",,"=""0593438469""","=""9780593438466""",4,3.64,Ace,Hardcover,304,2022,2022,2022/12/22,2022/12/10,,,read,,,,1,0
40265832,How to Be an Antiracist,Ibram X. Kendi,"Kendi, Ibram X.",,"=""0525509283""","=""9780525509288""",5,4.36,One World,Hardcover,305,2019,2019,2022/12/21,2020/11/18,,,read,,,,1,0
55237206,"Sweethand (Island Bites, #1)",N.G. Peltier,"Peltier, N.G.",,"=""""","=""""",0,3.49,,Kindle Edition,361,2021,2021,,2022/12/16,to-read,to-read (#195),to-read,,,,0,0
59694078,The Heartstopper Yearbook,Alice Oseman,"Oseman, Alice",,"=""1444968394""","=""9781444968392""",0,4.37,Hachette Children's Group,Hardcover,154,2022,2022,,2022/12/09,,,read,,,,1,0
27406704,Britt-Marie Was Here,Fredrik Backman,"Backman, Fredrik",,"=""1501142534""","=""9781501142536""",4,4.09,Atria Books,Hardcover,324,2016,2014,2022/12/09,2020/10/28,,,read,,,,1,0
59949720,"The Kiss Curse (The Ex Hex, #2)",Erin Sterling,"Sterling, Erin",,"=""0063027518""","=""9780063027510""",4,3.74,Avon,Paperback,309,2022,2022,2022/11/25,2022/09/16,,,read,,,,1,0
899492,The Tell-Tale Heart,Edgar Allan Poe,"Poe, Edgar Allan",Byron Glaser,"=""0871917726""","=""9780871917720""",0,4.24,Creative Education,Library Binding,31,1980,1843,,2022/11/08,,,read,,,,1,0
60097417,You're Invited,Amanda Jayatissa,"Jayatissa, Amanda",,"=""0593335120""","=""9780593335123""",3,3.50,Berkley,Hardcover,376,2022,2022,2022/11/07,2022/10/18,,,read,,,,1,0
42201431,"The Unhoneymooners (Unhoneymooners, #1)",Christina Lauren,"Lauren, Christina",,"=""1501128035""","=""9781501128035""",4,3.90,Gallery Books,Paperback,432,2019,2019,2022/11/06,2021/02/10,,,read,,,,1,0
60305888,The Banned Bookshop of Maggie Banks,Shauna Robinson,"Robinson, Shauna",,"=""""","=""""",0,3.73,Sourcebooks Landmark,Kindle Edition,336,2022,2022,,2022/11/05,to-read,to-read (#194),to-read,,,,0,0
59808228,The Prisoner,B.A. Paris,"Paris, B.A.",,"=""1250274141""","=""9781250274144""",0,3.61,St. Martin's Press,Hardcover,298,2022,2022,,2022/11/04,to-read,to-read (#193),to-read,,,,0,0
60321061,We Are the Light,Matthew Quick,"Quick, Matthew",,"=""1668005425""","=""9781668005422""",0,3.78,Avid Reader Press / Simon & Schuster,Hardcover,256,2022,2022,,2022/11/04,to-read,to-read (#192),to-read,,,,0,0
57840571,The Hacienda,Isabel Cañas,"Cañas, Isabel",,"=""""","=""""",0,3.84,Berkley,Hardcover,352,2022,2022,,2022/10/31,to-read,to-read (#191),to-read,,,,0,0
60142750,All Good People Here,Ashley Flowers,"Flowers, Ashley",,"=""0593496477""","=""9780593496473""",0,3.82,Bantam,Hardcover,312,2022,2022,,2022/10/28,to-read,to-read (#190),to-read,,,,0,0
60254209,Anywhere You Run,Wanda M. Morris,"Morris, Wanda M.",,"=""0063082500""","=""9780063082502""",0,4.05,William Morrow Paperbacks,Paperback,400,2022,2022,,2022/10/28,to-read,to-read (#189),to-read,,,,0,0
125423,The Very Quiet Cricket,Eric Carle,"Carle, Eric",,"=""0399218858""","=""9780399218859""",0,4.07,World of Eric Carle,Hardcover,32,1990,1990,,2022/10/26,,,read,,,,1,0
196951,The Hat,Jan Brett,"Brett, Jan",,"=""0750026049""","=""9780750026048""",0,4.28,Macdonald Young,Paperback,32,1998,1997,,2022/10/26,,,read,,,,1,0
833550,Each Peach Pear Plum,Janet Ahlberg,"Ahlberg, Janet",Allan Ahlberg,"=""067088278X""","=""9780670882786""",0,4.23,Puffin Books,Board book,34,1999,1978,,2022/10/26,,,read,,,,1,0
906541,Bedtime for Frances,Russell Hoban,"Hoban, Russell",Garth Williams,"=""0064434516""","=""9780064434515""",0,4.14,HarperCollins,Paperback,32,1995,1960,,2022/10/26,,,read,,,,1,0
18419,The Kissing Hand,Audrey Penn,"Penn, Audrey","Ruth E. Harper, Nancy M. Leak","=""1933718005""","=""9781933718002""",0,4.44,Tanglewood,Hardcover,30,2006,1993,,2022/10/26,,,read,,,,1,0
196970,The Night Before Christmas,Clement Clarke Moore,"Moore, Clement Clarke",Jan Brett,"=""0399231900""","=""9780399231902""",0,4.40,G.P. Putnam's Sons,Hardcover,32,1998,1823,,2022/10/26,,,read,,,,1,0
766020,The Rainbow Fish,Marcus Pfister,"Pfister, Marcus",,"=""1558580093""","=""9781558580091""",0,4.21,North-South Books,Hardcover,32,1992,1992,,2022/10/26,,,read,,,,1,0
370493,The Giving Tree,Shel Silverstein,"Silverstein, Shel",,"=""0060256656""","=""9780060256654""",0,4.38,HarperCollins Publishers,Hardcover,64,1964,1964,,2022/10/26,,,read,,,,1,0
43716169,A Universe of Wishes: A We Need Diverse Books Anthology,Dhonielle Clayton,"Clayton, Dhonielle","Samira Ahmed, Jenni Balch, Libba Bray, Zoraida Córdova, Tessa  Gratton, Kwame Mbalia, Anna-Marie McLemore, Tochi Onyebuchi, Mark Oshiro, Natalie C. Parker, Rebecca Roanhorse, V.E. Schwab, Tara Sim, Nic Stone, Victoria Schwab","=""1984896210""","=""9781984896216""",0,3.71,Random House Children’s Books,Hardcover,416,2020,2020,,2022/10/22,to-read,to-read (#187),to-read,,,,0,0
60321513,"Silver Under Nightfall (Reaper, #1)",Rin Chupeco,"Chupeco, Rin",,"=""1982195711""","=""9781982195717""",0,3.93,S&S/Saga Press,Hardcover,512,2022,2022,,2022/10/22,to-read,to-read (#186),to-read,,,,0,0
233818,Island of the Blue Dolphins,Scott O'Dell,"O'Dell, Scott",,"=""0440439884""","=""9780440439882""",0,3.88,Yearling,Paperback,184,1971,1960,2022/10/17,2020/10/05,,,read,,,,1,0
13623848,The Song of Achilles,Madeline Miller,"Miller, Madeline",,"=""""","=""""",3,4.31,Ecco,Paperback,408,2012,2011,2022/10/15,2021/11/28,,,read,,,,1,0
57558144,"With You Forever (Bergman Brothers, #4)",Chloe Liese,"Liese, Chloe",,"=""""","=""""",0,4.08,Chloe Liese,Kindle Edition,350,2021,2021,,2022/10/08,to-read,to-read (#184),to-read,,,,0,0
35959740,Circe,Madeline Miller,"Miller, Madeline",,"=""0316556343""","=""9780316556347""",0,4.22,"Little, Brown and Company",Hardcover,393,2018,2018,,2022/10/05,to-read,to-read (#183),to-read,,,,0,0
58945991,The Book of the Most Precious Substance,Sara Gran,"Gran, Sara",,"=""0578947099""","=""9780578947099""",0,3.56,Dreamland Books,Paperback,319,2022,2022,,2022/10/05,to-read,to-read (#180),to-read,,,,0,0
59345249,The It Girl,Ruth Ware,"Ware, Ruth",,"=""1982155264""","=""9781982155261""",3,3.84,Scout Press,Hardcover,423,2022,2022,2022/09/30,2022/09/14,,,read,,,,1,0
53018378,The Heiress: The Revelations of Anne de Bourgh,Molly Greeley,"Greeley, Molly",,"=""0063032007""","=""9780063032002""",0,3.69,William Morrow,Hardcover,357,2021,2021,,2022/09/25,to-read,to-read (#178),to-read,,,,0,0
59828774,The Holiday Trap,Roan Parrish,"Parrish, Roan",,"=""1728256275""","=""9781728256276""",0,3.52,Sourcebooks Casablanca,Paperback,442,2022,2022,,2022/09/19,to-read,to-read (#177),to-read,,,,0,0
60066655,Love on the Brain,Ali Hazelwood,"Hazelwood, Ali",,"=""0593336852""","=""""",4,3.90,Berkley ,Kindle Edition,368,2022,2022,2022/09/14,2022/03/27,,,read,"Silly, unrealistic fun. Good soup",,,1,0
50225678,"Boyfriend Material (London Calling, #1)",Alexis  Hall,"Hall, Alexis",,"=""1728206146""","=""9781728206141""",4,3.98,Sourcebooks Casablanca,Paperback,425,2020,2020,2022/09/10,2020/10/28,,,read,,,,1,0
59807978,Hester,Laurie Lico Albanese,"Albanese, Laurie Lico",,"=""1250278554""","=""9781250278555""",0,3.97,St. Martin's Press,Hardcover,322,2022,2022,,2022/09/07,to-read,to-read (#176),to-read,,,,0,0
39927096,"Less (Arthur Less, #1)",Andrew Sean Greer,"Greer, Andrew Sean",,"=""""","=""""",0,3.62,Lee Boudreaux Books,Kindle Edition,273,2017,2017,,2022/09/06,to-read,to-read (#175),to-read,,,,0,0
58909880,The House Across the Lake,Riley Sager,"Sager, Riley",,"=""""","=""""",3,3.58,Hodder & Stoughton,ebook,369,2022,2022,2022/09/05,2022/08/23,,,read,3.5 My first Riley Sager and it went in a direction I didn’t anticipate. ,,,1,0
59824159,"Everything for You (Bergman Brothers, #5)",Chloe Liese,"Liese, Chloe",,"=""""","=""9798201359881""",0,4.06,,ebook,356,2022,2022,,2022/09/03,to-read,to-read (#174),to-read,,,,0,0
35224992,Last Night at the Telegraph Club,Malinda Lo,"Lo, Malinda",,"=""0525555250""","=""9780525555254""",0,4.20,Dutton Books for Young Readers,Hardcover,409,2021,2021,,2022/08/23,to-read,to-read (#173),to-read,,,,0,0
61355265,The Light We Carry: Overcoming in Uncertain Times,Michelle Obama,"Obama, Michelle",,"=""0593237463""","=""9780593237465""",0,4.27,Crown,Hardcover,319,2022,2022,,2022/08/23,to-read,to-read (#172),to-read,,,,0,0
60321430,Tread of Angels,Rebecca Roanhorse,"Roanhorse, Rebecca",,"=""1982166185""","=""9781982166182""",0,3.47,Saga Press,Hardcover,201,2022,2022,,2022/08/23,to-read,to-read (#171),to-read,,,,0,0
60018639,Thistlefoot,GennaRose Nethercott,"Nethercott, GennaRose",,"=""059346883X""","=""9780593468838""",0,3.94,Anchor,Hardcover,448,2022,2022,,2022/08/23,to-read,to-read (#170),to-read,,,,0,0
58756502,Jackal,Erin E. Adams,"Adams, Erin E.",,"=""0593499301""","=""9780593499306""",0,3.65,Bantam,Hardcover,336,2022,2022,,2022/08/23,to-read,to-read (#169),to-read,,,,0,0
60149532,"Killers of a Certain Age (Killers of a Certain Age, #1)",Deanna Raybourn,"Raybourn, Deanna",,"=""""","=""""",0,3.86,Berkley,Hardcover,368,2022,2022,,2022/08/23,to-read,to-read (#168),to-read,,,,0,0
36373463,"Us Against You (Beartown, #2)",Fredrik Backman,"Backman, Fredrik",Neil Smith,"=""1501160796""","=""9781501160790""",0,4.37,Atria Books,Hardcover,448,2018,2017,,2022/08/23,to-read,to-read (#166),to-read,,,,0,0
60209470,"The Winners (Beartown, #3)",Fredrik Backman,"Backman, Fredrik",,"=""1982112794""","=""9781982112790""",0,4.45,Atria Books,Hardcover,673,2022,2022,,2022/08/23,to-read,to-read (#165),to-read,,,,0,0
58690308,Book Lovers,Emily Henry,"Henry, Emily",,"=""0593334833""","=""9780593334836""",4,4.10,Berkley,Paperback,377,2022,2022,2022/08/23,2022/02/03,,,read,,,,1,0
58890948,Hide,Kiersten White,"White, Kiersten",,"=""0593359232""","=""9780593359235""",2,3.32,Del Rey,Hardcover,256,2022,2022,2022/08/04,2022/06/05,,,read,,,,1,0
54189398,"The Spanish Love Deception (Love Deception, #1)",Elena  Armas,"Armas, Elena",,"=""1668002531""","=""9781668002537""",2,3.80,Elena Armas,ebook,487,2021,2021,2022/07/26,2021/11/23,,,read,"Ugh…one of my favorite tropes just done badly.<br/><br/>Who edited this book? 437 pages that easily could have been trimmed down. So much excess. So many repetitive phrases and words. The dialogue was so stilted, it felt like a lecture at times. And Aaron gave me whiplash. I get that he let his guard down by the end but first half Aaron and last half Aaron were two separate characters.",,,1,0
19161835,Confessions,Kanae Minato,"Minato, Kanae",Stephen    Snyder,"=""0316200921""","=""9780316200929""",4,3.93,Mulholland Books,Paperback,240,2014,2008,2022/07/12,2022/05/26,,,read,,,,1,0
58415294,"Unhinged (Necessary Evils, #1)",Onley James,"James, Onley",,"=""168489154X""","=""9781684891542""",1,4.08,Onley James Books,Hardcover,304,2021,2021,2022/07/08,2022/07/05,,,read,Not good,,,1,0
57693648,Yerba Buena,Nina LaCour,"LaCour, Nina",,"=""1250810469""","=""9781250810465""",4,3.85,Flatiron Books,Hardcover,304,2022,2022,2022/07/05,2021/06/22,,,read,,,,1,0
58783422,Sometime in Summer,Katrina Leno,"Leno, Katrina",,"=""0316194514""","=""9780316194518""",0,3.89,"Little, Brown Books for Young Readers",Paperback,416,2022,2022,,2022/01/07,to-read,to-read (#139),to-read,,,,0,0
58885776,The Dead Romantics,Ashley Poston,"Poston, Ashley",,"=""""","=""""",0,3.91,Berkley ,Paperback,368,2022,2022,,2022/06/30,to-read,to-read (#162),to-read,,,,0,0
50215350,We Ride Upon Sticks,Quan Barry,"Barry, Quan",,"=""1524748099""","=""9781524748098""",0,3.78,Pantheon Books,Hardcover,367,2020,2020,2022/06/30,2021/04/16,,,read,,,,1,0
41473872,"I Wish You All the Best (I Wish You All the Best, #1)",Mason Deaver,"Deaver, Mason",,"=""""","=""""",0,4.15,Push,Hardcover,329,2019,2019,,2020/10/09,to-read,to-read (#161),to-read,,,,0,0
57505278,All Her Little Secrets,Wanda M. Morris,"Morris, Wanda M.",,"=""0063204339""","=""9780063204331""",4,3.70,William Morrow,Hardcover,384,2021,2021,2022/06/14,2022/01/15,,,read,,,,1,0
17573685,The Feminine Mystique,Betty Friedan,"Friedan, Betty","Gail Collins, Anna Quindlen","=""0393346781""","=""9780393346787""",0,3.87,W. W. Norton & Company,Paperback,562,2013,1963,,2022/06/09,,,read,,,,1,0
3360950,Why Is God Laughing?: The Path to Joy and Spiritual Optimism,Deepak Chopra,"Chopra, Deepak",Mike Myers,"=""0307408884""","=""9780307408884""",0,3.54,Harmony,Hardcover,192,2008,,,2022/06/09,,,read,,,,1,0
25322449,Radio Silence,Alice Oseman,"Oseman, Alice",,"=""""","=""""",4,4.17,Harper Collins Children's Books,Paperback,496,2016,2016,2022/06/07,2020/11/14,,,read,,,,1,0
44767458,Dune (Dune #1),Frank Herbert,"Herbert, Frank",,"=""059309932X""","=""9780593099322""",0,4.29,Ace,Hardcover,658,2019,1965,,2022/06/03,to-read,to-read (#159),to-read,,,,0,0
54998251,"Four Hundred Souls: A Community History of African America, 1619-2019",Ibram X. Kendi,"Kendi, Ibram X.",Keisha N. Blain,"=""0593134044""","=""9780593134047""",0,4.56,One World,Hardcover,504,2021,2021,,2022/06/03,to-read,to-read (#158),to-read,,,,0,0
59345253,Something Wilder,Christina Lauren,"Lauren, Christina",,"=""1982173408""","=""9781982173401""",3,3.65,Gallery Books,Hardcover,384,2022,2022,2022/06/03,2022/05/11,,,read,"3.5 the twists got me, I’ll admit, and I really liked the characters, just felt really slow moving",,,1,0
13928,"Daughter of the Forest  (Sevenwaters, #1)",Juliet Marillier,"Marillier, Juliet",,"=""""","=""""",0,4.29,Tom Doherty Associates,Mass Market Paperback,554,2002,1999,,2022/06/02,to-read,to-read (#157),to-read,,,,0,0
45724784,Keep It Moving: Lessons for the Rest of Your Life (Bestselling Self-Help),Twyla Tharp,"Tharp, Twyla",,"=""""","=""""",0,3.84,Simon & Schuster,Kindle Edition,189,2019,2019,2022/05/28,2021/11/20,,,read,,,,1,0
41723456,The Overdue Life of Amy Byler,Kelly Harms,"Harms, Kelly",,"=""1542042968""","=""9781542042963""",2,3.84,Lake Union Publishing,Hardcover,332,2019,2019,2022/05/24,2020/10/09,,,read,"Something about this book just…irked me. First half dragged, second half went quickly but, too quickly? Really enjoyed Lena, Matt and Daniel. All the other characters felt like too much, including Amy. ",,,1,0
42589678,Mrs. Everything,Jennifer Weiner,"Weiner, Jennifer",,"=""1501133489""","=""9781501133480""",3,3.85,Atria Books,Hardcover,480,2019,2019,2021/06/30,2020/10/09,,,read,"I’ve never read from this author but I’ve seen her books everywhere for years. I chose this book because of its setting, being a big fan of the 60s and 70s. The 2 protagonists are interested but, dear god, this is almost 100% torture porn. How many stereotypes and fictional tropes can one story use? The answer is a fricking lot. <br/><br/>I can also appreciate the attempts at representation but it could have been done with more thought and research. Jo and Bethie just went through too much.",,,1,0
56098122,The Guide,Peter Heller,"Heller, Peter",,"=""0525657762""","=""9780525657767""",0,3.62,Alfred A. Knopf,Hardcover,257,2021,2021,,2022/05/20,to-read,to-read (#156),to-read,,,,0,0
52867387,Beach Read,Emily Henry,"Henry, Emily",,"=""1984806734""","=""9781984806734""",4,3.97,Berkley,Paperback,358,2020,2020,2022/05/17,2020/11/20,,,read,Could read a whole book about Gus,,,1,0
250792,Ain't I a Woman: Black Women and Feminism,bell hooks,"hooks, bell",,"=""089608129X""","=""9780896081291""",0,4.51,South End Press,Paperback,205,1999,1981,2022/05/08,2020/10/04,,,read,,,,1,0
42201995,The Stationery Shop,Marjan Kamali,"Kamali, Marjan",,"=""1982107480""","=""9781982107482""",4,4.23,Gallery Books,Hardcover,312,2019,2019,2022/05/06,2022/02/04,,,read,Can we curse on this site? Cause this was fucking heartbreaking. Beautifully written. I’d do anything for Roya. ,,,1,0
45186670,Twice in a Blue Moon,Christina Lauren,"Lauren, Christina",,"=""1982135700""","=""9781982135706""",2,3.62,Gallery Books,Hardcover,358,2019,2019,2022/04/27,2020/10/09,,,read,"This was…not very good. The premise the entire book relies upon made me uncomfortable. Liked the characters, didn’t like any of their plots.",,,1,0
58783802,When Women Were Dragons,Kelly Barnhill,"Barnhill, Kelly",,"=""0385548222""","=""9780385548229""",0,3.82,Doubleday /Anchor Books Edition,Hardcover,367,2023,2022,,2022/04/23,to-read,to-read (#155),to-read,,,,0,0
58468990,The Paris Apartment,Lucy Foley,"Foley, Lucy",,"=""0063003058""","=""9780063003057""",3,3.65,William Morrow,Hardcover,360,2022,2022,2022/04/15,2022/01/15,,,read,,,,1,0
52268640,Memphis,Tara M. Stringfellow,"Stringfellow, Tara M.",,"=""0593230485""","=""9780593230480""",0,4.08,The Dial Press,Hardcover,272,2022,2022,,2022/04/09,to-read,to-read (#154),to-read,,,,0,0
49127718,Anxious People,Fredrik Backman,"Backman, Fredrik",Neil   Smith,"=""198216963X""","=""9781982169633""",4,4.17,Atria Publishing,Hardcover,336,2019,2019,2022/04/07,2021/01/14,,,read,,,,1,0
55200663,"The Darkness Outside Us (The Darkness Outside Us, #1)",Eliot Schrefer,"Schrefer, Eliot",,"=""0062888285""","=""9780062888280""",0,4.32,Clarion Books,Hardcover,397,2021,2021,,2022/03/28,to-read,to-read (#153),to-read,,,,0,0
50056075,"The Heart Principle (The Kiss Quotient, #3)",Helen  Hoang,"Hoang, Helen",,"=""0451490843""","=""9780451490841""",4,3.92,Berkley,Paperback,339,2021,2021,2022/03/27,2021/08/10,,,read,,,,1,0
58283080,"Hook, Line, and Sinker (Bellinger Sisters, #2)",Tessa Bailey,"Bailey, Tessa",,"=""0063045699""","=""9780063045699""",3,3.88,Avon,Paperback,353,2022,2022,2022/03/21,2022/02/04,,,read,,,,1,0
56921326,The Fastest Way to Fall,Denise  Williams,"Williams, Denise",,"=""0593101928""","=""9780593101926""",0,4.01,Berkley Romance,Paperback,380,2021,2021,,2022/03/09,to-read,to-read (#152),to-read,,,,0,0
39338454,"The Bride Test (The Kiss Quotient, #2)",Helen  Hoang,"Hoang, Helen",,"=""0451490827""","=""9780451490827""",4,3.81,Berkley,Paperback,320,2019,2019,2022/03/07,2020/11/20,,,read,,,,1,0
34445772,"Our Stories, Our Voices: 21 YA Authors Get Real About Injustice, Empowerment, and Growing Up Female in America",Amy Reed,"Reed, Amy","Ellen Hopkins, Alexandra Duncan, I.W. Gregorio, Maurene Goo, Stephanie Kuehnert, Nina LaCour, Anna-Marie McLemore, Hannah Moskowitz, Aisha Saeed, Jenny Torres Sanchez, Sandhya Menon, Martha Brockenbrough, Jaye Robin Brown, Sona Charaipotra, Brandy Colbert, Somaiya Daud, Amber   Smith, Julie   Murphy, Christine  Day, Tracy Deonn","=""1534409017""","=""9781534409019""",4,4.14,Simon Pulse,ebook,320,2018,2018,2022/03/04,2021/05/24,,,read,Heed the warnings but this essay collection is wonderful. Different perspectives through different lives experiences from excellent writers. Strongly recommend for educators and their students.,,,1,0
55297669,"Love & Other Disasters (Nashville Love, #1)",Anita Kelly,"Kelly, Anita",,"=""1538754851""","=""9781538754856""",0,3.80,Forever,Kindle Edition,384,2022,2022,,2022/03/01,to-read,to-read (#151),to-read,,,,0,0
54860443,One Last Stop,Casey McQuiston,"McQuiston, Casey",,"=""1250244498""","=""9781250244499""",3,3.89,Griffin,Paperback,418,2021,2021,2022/02/26,2021/01/19,,,read,"3.5 just kind of meh. Like the magical realism but the supporting characters (Niko, Wes, Isaiah and Myla) stole the show.",,,1,0
56269214,Funny Farm: My Unexpected Life with 600 Rescue Animals,Laurie Zaleski,"Zaleski, Laurie",,"=""1250272831""","=""9781250272836""",0,4.28,St. Martin's Press,Hardcover,256,2022,2022,,2022/02/19,to-read,to-read (#150),to-read,,,,0,0
58082714,The Nineties,Chuck Klosterman,"Klosterman, Chuck",,"=""0735217955""","=""9780735217959""",0,3.87,Penguin Press,Hardcover,370,2022,2022,,2022/02/19,to-read,to-read (#149),to-read,,,,0,0
454856,Look Me in the Eye,John Elder Robison,"Robison, John Elder",,"=""0307395987""","=""9780307395986""",0,3.92,Crown,Hardcover,288,2007,2007,2022/02/19,2020/10/12,,,read,,,,1,0
52057698,How to Fail at Flirting,Denise  Williams,"Williams, Denise",,"=""0593101901""","=""9780593101902""",4,3.79,Berkley,Paperback,343,2020,2020,2022/02/18,2021/11/23,,,read,,,,1,0
58724787,"Booked on a Feeling (A Sweet Mess, #3)",Jayci Lee,"Lee, Jayci",,"=""1250621143""","=""9781250621146""",0,3.31,St. Martin's Griffin,Paperback,312,2022,2022,,2022/02/15,to-read,to-read (#147),to-read,,,,0,0
56978042,Icebreaker,A.L. Graziadei,"Graziadei, A.L.",,"=""1250777119""","=""9781250777119""",0,4.02,Godwin Books,Hardcover,320,2022,2022,,2022/02/14,to-read,to-read (#145),to-read,,,,0,0
51582376,The Secret Lives of Church Ladies,Deesha Philyaw,"Philyaw, Deesha",,"=""1949199738""","=""9781949199734""",5,4.14,West Virginia University Press,Paperback,217,2020,2020,2022/02/14,2020/12/17,,,read,,,,1,0
54860585,Razorblade Tears,S.A. Cosby,"Cosby, S.A.",,"=""""","=""""",4,4.11,Flatiron Books,Hardcover,336,2021,2021,2022/02/12,2022/01/15,,,read,Incredible but be cautious. The themes aren’t for the faint of heart. Beautifully written character study. 4.5,,,1,0
56554474,"Here's to Us (What If It's Us, #2)",Becky Albertalli,"Albertalli, Becky",Adam Silvera,"=""0063071630""","=""9780063071636""",4,4.01,Quill Tree Books,Hardcover,466,2021,2021,2022/02/05,2021/08/10,,,read,"The exact fluff I needed! Arthur is such a loveable, relatable  protagonist. His chapters were my favorite.",,,1,0
58756420,I Kissed Shara Wheeler,Casey McQuiston,"McQuiston, Casey",,"=""1250244455""","=""9781250244451""",0,3.85,St. Martin's Press,Hardcover,356,2022,2022,,2022/02/04,to-read,to-read (#144),to-read,,,,0,0
58214336,I'm So Not Over You,Kosoko Jackson,"Jackson, Kosoko",,"=""0593334442""","=""9780593334447""",0,3.35,Berkley,Paperback,368,2022,2022,,2022/02/04,to-read,to-read (#143),to-read,,,,0,0
57693481,"Good Girl Complex (Avalon Bay, #1)",Elle Kennedy,"Kennedy, Elle",,"=""1250796733""","=""9781250796738""",0,3.57,Griffin,Paperback,368,2022,2022,,2022/02/04,to-read,to-read (#142),to-read,,,,0,0
56605592,The Bennet Women,Eden Appiah-Kubi,"Appiah-Kubi, Eden",,"=""1542029163""","=""9781542029162""",0,3.76,Montlake,Kindle Edition,365,2021,2021,,2022/02/03,to-read,to-read (#141),to-read,,,,0,0
54508798,"The Guncle (The Guncle, #1)",Steven  Rowley,"Rowley, Steven",,"=""0525542280""","=""9780525542285""",3,4.11,G.P. Putnam's Sons,Hardcover,326,2021,2021,2022/02/01,2022/01/22,,,read,3.5 very sweet with a great cast of characters. Just a bit too predictable for my taste. ,,,1,0
55692620,The Soulmate Equation,Christina Lauren,"Lauren, Christina",,"=""1982123966""","=""9781982123963""",4,3.99,Gallery Books,Hardcover,360,2021,2021,2022/01/22,2021/11/23,,,read,,,,1,0
56139516,Matrix,Lauren Groff,"Groff, Lauren",,"=""0593459652""","=""9780593459652""",3,3.68,Random House Large Print Publishing,Paperback,336,2021,2021,2022/01/17,2021/08/16,,,read,3.5<br/>The writing was beautiful but so much of the religious aspect was lost on me. I’m not the target audience but it was still lovely ,,,1,0
54326395,"The Dating Plan (Marriage Game, #2)",Sara Desai,"Desai, Sara",,"=""0593100581""","=""9780593100585""",3,3.62,Berkley,Paperback,352,2021,2021,2022/01/10,2021/05/06,,,read,"3.5<br/>The beginning was slow and started out repetitive. The middle was great, lots of fun with plenty of enjoyable character development. Just some odd dialogue that felt unnatural and situations that weren’t always believable. Fun fluff.",,,1,0
58724596,"Seasonal Fears (Alchemical Journeys, #2)",Seanan McGuire,"McGuire, Seanan",,"=""1250768268""","=""9781250768261""",0,3.81,Tor Books,Hardcover,482,2022,2022,,2022/01/07,to-read,to-read (#140),to-read,,,,0,0
58543752,Out There: Into the Queer New Yonder,Saundra Mitchell,"Mitchell, Saundra","Alex London, Mato J. Steger, Claire Kann, Emma K. Ohland, Z.R. Ellor, Nita Tyndall, Adam  Sass, Kalynn  Bayron, Z Brewer, Jim McCarthy, Naomi Kanakia, Mason Deaver, Alechia Dow, Abdi Nazemian, K. Ancrum, Ugochi M. Agoawike, Leah  Johnson","=""1335425896""","=""9781335425898""",0,3.73,Inkyard Press,Hardcover,464,2022,2022,,2022/01/07,to-read,to-read (#138),to-read,,,,0,0
54738255,If This Gets Out,Sophie Gonzales,"Gonzales, Sophie",Cale Dietrich,"=""1250805805""","=""9781250805805""",3,3.90,Wednesday Books,Hardcover,404,2021,2021,2022/01/04,2021/08/10,,,read,"Meh. It felt like the authors tried to tackle too many topics. Even for a 400 page book, there just didn’t seem to be enough room for all the different angles. I also found myself not loving any of the characters. Just a nice, easy reading experience.",,,1,0
52568660,Mrs Death Misses Death,Salena Godden,"Godden, Salena",,"=""1838851194""","=""9781838851194""",0,3.50,Canongate Books Ltd.,Hardcover,302,2021,2021,,2021/12/31,to-read,to-read (#137),to-read,,,,0,0
56554626,"The Ex Hex (The Ex Hex, #1)",Erin Sterling,"Sterling, Erin",,"=""006302747X""","=""9780063027473""",3,3.47,Avon,Paperback,308,2021,2021,2021/12/31,2021/10/21,,,read,,,,1,0
54985743,People We Meet on Vacation,Emily Henry,"Henry, Emily",,"=""1984806750""","=""9781984806758""",4,3.84,"A Jove Book, Berkley",Paperback,364,2021,2021,2021/12/18,2021/11/23,,,read,"Totally get why this was the Goodreads winner. Likable characters, unique storytelling. All around good time. ",,,1,0
139253,The House on Mango Street,Sandra Cisneros,"Cisneros, Sandra",,"=""0679734775""","=""9780679734772""",4,3.68,Knopf Doubleday Publishing Group,Paperback,110,2009,1984,2021/12/15,2021/10/11,,,read,,,,1,0
55648820,Seven Days in June,Tia Williams,"Williams, Tia",,"=""""","=""""",4,3.99,Grand Central Publishing,Hardcover,336,2021,2021,2021/12/14,2021/12/06,,,read,,,,1,0
54659771,"Neon Gods (Dark Olympus, #1)",Katee Robert,"Robert, Katee",,"=""1728231736""","=""9781728231730""",2,3.68,Sourcebooks Casablanca,Paperback,380,2021,2021,2021/12/05,2021/11/23,,,read,2.75 but in all fairness I did not realize what I was getting in to,,,1,0
28372019,"The Bookshop on the Corner (Kirrinfief, #1)",Jenny Colgan,"Colgan, Jenny",Helen Lloyd,"=""0062467263""","=""9780062467263""",0,3.84,William Morrow Paperbacks,Kindle Edition,348,2016,2016,,2021/12/03,to-read,to-read (#135),to-read,,,,0,0
55659629,"It Happened One Summer (Bellinger Sisters, #1)",Tessa Bailey,"Bailey, Tessa",,"=""0063045656""","=""9780063045651""",3,3.90,Avon,Paperback,397,2021,2021,2021/12/02,2021/11/23,,,read,"3.5 lots of fun but, of course, super predictable. Loved Brendan ",,,1,0
56732449,The Love Hypothesis,Ali Hazelwood,"Hazelwood, Ali",,"=""0593336828""","=""9780593336823""",4,4.10,Berkley Books,Paperback,356,2021,2021,2021/11/29,2021/11/23,,,read,,,,1,0
56898248,"The Charm Offensive (The Charm Offensive, #1)",Alison Cochrun,"Cochrun, Alison",,"=""1982170719""","=""9781982170714""",4,4.10,Atria Books,Paperback,354,2021,2021,2021/11/25,2021/11/19,,,read,,,,1,0
49202118,"A Rogue of One's Own (A League of Extraordinary Women, #2)",Evie Dunmore,"Dunmore, Evie",,"=""1984805703""","=""9781984805706""",0,4.01,Berkley,Paperback,448,2020,2020,,2021/11/23,to-read,to-read (#134),to-read,,,,0,0
58484283,An Unexpected Kind of Love (When Snow Falls #1),Hayden  Stone,"Stone, Hayden",,"=""1649371861""","=""9781649371867""",0,3.54,Entangled: Embrace,ebook,329,2021,2021,,2021/11/20,to-read,to-read (#133),to-read,,,,0,0
53205888,Under the Whispering Door,T.J. Klune,"Klune, T.J.",,"=""1250217342""","=""9781250217349""",4,4.11,Tor Books,Hardcover,376,2021,2021,2021/11/18,2021/08/16,,,read,"4.5 stars. Man, if you need a good cry, pick this up!",,,1,0
56898076,The Inheritance of Orquídea Divina,Zoraida Córdova,"Córdova, Zoraida",,"=""1982102543""","=""9781982102548""",0,3.91,Atria Books,Hardcover,324,2021,2021,,2021/11/17,to-read,to-read (#132),to-read,,,,0,0
58663801,The Geek Who Saved Christmas,Annabeth Albert,"Albert, Annabeth",,"=""""","=""""",0,4.07,Annabeth Albert,Kindle Edition,266,2021,2021,,2021/11/17,to-read,to-read (#131),to-read,,,,0,0
57812401,Five Tuesdays in Winter,Lily King,"King, Lily",,"=""0802158765""","=""9780802158765""",0,3.71,Grove Press,Hardcover,240,2021,2021,,2021/11/17,to-read,to-read (#130),to-read,,,,0,0
53404774,The Doctors Blackwell: How Two Pioneering Sisters Brought Medicine to Women and Women to Medicine,Janice P. Nimura,"Nimura, Janice P.",,"=""0393635546""","=""9780393635546""",0,3.59,W. W. Norton & Company,Hardcover,336,2021,2021,,2021/11/15,to-read,to-read (#129),to-read,,,,0,0
34273236,Little Fires Everywhere,Celeste Ng,"Ng, Celeste",,"=""0735224293""","=""9780735224292""",3,4.07,Penguin Press,Hardcover,338,2017,2017,2021/11/12,2020/11/18,,,read,,,,1,0
55813987,Wrapped Up in You,Talia Hibbert,"Hibbert, Talia",,"=""1774532646""","=""9781774532645""",0,3.54,Kobo Originals,ebook,127,2020,2020,,2021/11/04,to-read,to-read (#128),to-read,,,,0,0
54814872,The Soul of a Woman,Isabel Allende,"Allende, Isabel",,"=""0593401433""","=""9780593401439""",0,4.03,Random House Large Print,Paperback,240,2021,2020,2021/10/27,2021/10/22,,,read,,,,1,0
42775752,The Only Black Girls in Town,Brandy Colbert,"Colbert, Brandy",,"=""""","=""""",4,4.20,"Little, Brown Books for Young Readers",Kindle Edition,368,2020,2020,2021/10/22,2021/03/25,,,read,,,,1,0
29430725,How to Talk So Little Kids Will Listen: A Survival Guide to Life with Children Ages 2-7,Joanna Faber,"Faber, Joanna",Julie King,"=""1501131656""","=""9781501131653""",4,4.39,Scribner,Hardcover,385,2017,2017,2021/10/18,2021/03/04,,,read,,,,1,0
55926761,Blackout,Dhonielle Clayton,"Clayton, Dhonielle","Tiffany D. Jackson, Nic Stone, Angie Thomas, Ashley Woodfolk, Nicola Yoon","=""0063088096""","=""9780063088092""",3,3.87,Quill Tree Books,Hardcover,256,2021,2021,2021/10/12,2021/06/22,,,read,,,,1,0
35919863,"Heart of the Fae (The Otherworld, #1)",Emma Hamm,"Hamm, Emma",,"=""0999424424""","=""9780999424421""",0,3.83,Emma Hamm,ebook,350,2017,2017,,2021/10/01,to-read,to-read (#127),to-read,,,,0,0
50896720,Singular Sensation: The Triumph of Broadway,Michael Riedel,"Riedel, Michael",,"=""1501166646""","=""9781501166648""",4,4.09,Avid Reader Press / Simon & Schuster,Kindle Edition,346,2020,2020,2021/09/28,2021/08/28,,,read,,,,1,0
6900,"Tuesdays with Morrie: An Old Man, a Young Man, and Life's Greatest Lesson",Mitch Albom,"Albom, Mitch",,"=""""","=""""",4,4.20,Warner,Paperback,210,2000,1997,2021/09/07,2021/04/30,,,read,,,,1,0
24178,Charlotte’s Web,E.B. White,"White, E.B.","Garth Williams, Rosemary Wells","=""0064410935""","=""9780064410939""",4,4.21,HarperCollinsPublishers,Paperback,184,2001,1952,2021/08/31,2021/04/01,,,read,,,,1,0
35133922,Educated,Tara Westover,"Westover, Tara",,"=""0399590501""","=""9780399590504""",5,4.47,Random House,Hardcover,352,2018,2018,2021/08/27,2020/10/12,,,read,,,,1,0
320,One Hundred Years of Solitude,Gabriel García Márquez,"Márquez, Gabriel García",Gregory Rabassa,"=""""","=""""",0,4.12,Harper,Mass Market Paperback,417,2003,1967,,2021/08/21,to-read,to-read (#126),to-read,,,,0,0
51931067,Felix Ever After,Kacen Callender,"Callender, Kacen",,"=""0062820257""","=""9780062820259""",0,4.22,Balzer + Bray,Hardcover,368,2020,2020,,2021/08/20,to-read,to-read (#125),to-read,,,,0,0
20309175,My True Love Gave to Me: Twelve Holiday Stories,Stephanie Perkins,"Perkins, Stephanie","Holly Black, Ally Carter, Matt de la Peña, Gayle Forman, Jenny Han, David Levithan, Kelly Link, Myra McEntire, Rainbow Rowell, Laini Taylor, Kiersten White, Jim Tierney","=""1250059305""","=""9781250059307""",0,3.65, St. Martin’s Griffin,Hardcover,336,2014,2014,,2021/08/20,to-read,to-read (#124),to-read,,,,0,0
55276648,The Reading List,Sara Nisha Adams,"Adams, Sara Nisha",,"=""0063025280""","=""9780063025288""",0,4.06,William Morrow,Hardcover,368,2021,2021,,2021/08/20,to-read,to-read (#123),to-read,,,,0,0
50892240,They Never Learn,Layne Fargo,"Fargo, Layne",,"=""1982132027""","=""9781982132026""",4,3.90,Gallery/Scout Press,Hardcover,378,2020,2020,2021/08/20,2021/04/15,,,read,,,,1,0
51737,The Truth About Forever,Sarah Dessen,"Dessen, Sarah",,"=""0142406252""","=""9780142406250""",3,4.12,Penguin Group Inc.,Paperback,374,2004,2004,2021/08/14,2020/10/05,,,read,,,,2,0
3103,Maurice,E.M. Forster,"Forster, E.M.",,"=""0393310329""","=""9780393310320""",0,4.08,W. W. Norton  Company,Paperback,256,2005,1971,,2021/08/13,to-read,to-read (#122),to-read,,,,0,0
35965482,"Middlegame (Alchemical Journeys, #1)",Seanan McGuire,"McGuire, Seanan",,"=""1250195519""","=""9781250195517""",0,4.01,Tor.com Publishing,Kindle Edition,492,2019,2019,2021/08/06,2021/05/20,,,read,I’m so overwhelmed by this book I can’t come up with a rating. Still not sure I processed what half of it was actually about. I think I liked it?,,,1,0
36199084,"The Kiss Quotient (The Kiss Quotient, #1)",Helen  Hoang,"Hoang, Helen",,"=""0451490819""","=""""",3,3.87,Berkley,Kindle Edition,323,2018,2018,2021/08/01,2020/11/20,,,read,,,,1,0
6689,James and the Giant Peach,Roald Dahl,"Dahl, Roald",Quentin Blake,"=""0375814248""","=""9780375814242""",4,4.04,Alfred A. Knopf ,Hardcover,176,2002,1961,2021/07/15,2020/10/27,,,read,,,,1,0
33294200,The Poet X,Elizabeth Acevedo,"Acevedo, Elizabeth",,"=""""","=""""",5,4.37,HarperTeen ,Kindle Edition,368,2018,2018,2021/07/12,2021/07/06,,,read,,,,1,0
43521785,"Bringing Down the Duke (A League of Extraordinary Women, #1)",Evie Dunmore,"Dunmore, Evie",,"=""1984805681""","=""9781984805683""",3,3.93,Berkley,Paperback,335,2019,2019,2021/07/09,2021/02/10,,,read,,,,1,0
106264,"Sarah, Plain and Tall (Sarah, Plain and Tall, #1)",Patricia MacLachlan,"MacLachlan, Patricia",,"=""0618062416""","=""9780618062416""",0,3.84,Houghton Mifflin,Paperback,64,2001,1985,,2020/10/04,,,read,,,,1,0
55577687,"Incense and Sensibility (The Rajes, #3)",Sonali Dev,"Dev, Sonali",,"=""006305180X""","=""9780063051805""",0,3.73,William Morrow Paperbacks,Paperback,400,2021,2021,,2021/07/02,to-read,to-read (#119),to-read,,,,0,0
55655107,Objects of Desire: Stories,Clare Sestanovich,"Sestanovich, Clare",,"=""0593318099""","=""9780593318096""",0,3.32,Knopf,Hardcover,224,2021,2021,,2021/06/29,to-read,to-read (#118),to-read,,,,0,0
44575111,King and the Dragonflies (Scholastic Gold),Kacen Callender,"Callender, Kacen",,"=""1338129333""","=""9781338129335""",4,4.31,Scholastic Press,Hardcover,272,2020,2020,2021/06/27,2021/02/10,,,read,,,,1,0
43521666,The Queens of Animation: The Untold Story of the Women Who Transformed the World of Disney and Made Cinematic History,Nathalia Holt,"Holt, Nathalia",,"=""0316439150""","=""9780316439152""",4,4.18,"Little, Brown and Company",Hardcover,379,2019,2019,2021/06/25,2020/12/01,,,read,,,,1,0
33158541,"The Wicker King (The Wicker King, #1)",K. Ancrum,"Ancrum, K.",,"=""1250101549""","=""9781250101549""",4,3.97,Imprint,Hardcover,305,2017,2017,2021/06/14,2021/05/06,,,read,,,,1,0
43386063,Kindness and Wonder: Why Mister Rogers Matters Now More Than Ever,Gavin Edwards,"Edwards, Gavin",,"=""0062950754""","=""9780062950758""",0,4.19,Dey Street Books,Kindle Edition,224,2019,2019,2021/06/05,2020/10/28,,,read,,,,1,0
52516332,Clap When You Land,Elizabeth Acevedo,"Acevedo, Elizabeth",,"=""0062882767""","=""9780062882769""",5,4.22,HarperTeen ,Hardcover,432,2020,2020,2021/06/02,2021/05/20,,,read,,,,1,0
9460487,"Miss Peregrine's Home for Peculiar Children (Miss Peregrine's Peculiar Children, #1)",Ransom Riggs,"Riggs, Ransom",,"=""1594744769""","=""9781594744761""",3,3.92,Quirk,Hardcover,352,2011,2011,2021/05/30,2020/10/04,,,read,,,,1,0
45155609,Yes No Maybe So,Becky Albertalli,"Albertalli, Becky",Aisha Saeed,"=""0062937049""","=""9780062937049""",0,3.71,Balzer + Bray,Hardcover,436,2020,2020,,2021/05/26,to-read,to-read (#116),to-read,,,,0,0
28220826,When the Moon Was Ours,Anna-Marie McLemore,"McLemore, Anna-Marie",,"=""125005866X""","=""9781250058669""",0,3.88,Thomas Dunne Books,Hardcover,273,2016,2016,,2021/05/24,to-read,to-read (#113),to-read,,,,0,0
43884209,"Get a Life, Chloe Brown (The Brown Sisters, #1)",Talia Hibbert,"Hibbert, Talia",,"=""0062941208""","=""9780062941206""",4,3.79,Avon,Paperback,369,2019,2019,2021/02/10,2020/12/20,favorites,favorites (#3),read,"So much fun! Red is a dream and Chloe is incredibly relatable. Pretty darn steamy, too, so heads up for that. Looking forward to the next book!",,,1,0
3431,The Five People You Meet in Heaven,Mitch Albom,"Albom, Mitch",,"=""0786868716""","=""9780786868711""",5,4.01,Hyperion,Hardcover,196,2003,2003,2020/11/13,2020/10/05,favorites,favorites (#2),read,,,,1,0
36952571,The Weight of the Stars,K. Ancrum,"Ancrum, K.",,"=""1250101638""","=""9781250101631""",5,3.94,Imprint,Hardcover,384,2019,2019,2021/05/05,2021/03/30,favorites,favorites (#1),read,"I devoured this book in 3 days. Original, heartbreaking and uplifting. Read this.",,,1,0
51791252,The Vanishing Half,Brit Bennett,"Bennett, Brit",,"=""0525536299""","=""9780525536291""",4,4.12,Riverhead Books,Hardcover,343,2020,2020,2021/05/23,2021/05/06,,,read,,,,1,0
51054227,"Meet Cute Club (Sweet Rose, #1)",Jack Harbon,"Harbon, Jack",,"=""""","=""""",2,3.23,Jack Harbon,Kindle Edition,232,2020,2020,2021/05/17,2021/01/14,,,read,,,,1,0
35707056,Undead Girl Gang,Lily  Anderson,"Anderson, Lily",,"=""0451478231""","=""9780451478238""",0,3.75,Razorbill ,Hardcover,320,2018,2018,,2021/05/12,to-read,to-read (#112),to-read,,,,0,0
40864790,Pumpkinheads,Rainbow Rowell,"Rowell, Rainbow","Faith Erin Hicks, Sarah Stern","=""125031285X""","=""9781250312853""",4,4.01,First Second,Hardcover,209,2019,2019,,2020/10/04,,,read,,,,1,0
38980,"The Princess Diaries (The Princess Diaries, #1)",Meg Cabot,"Cabot, Meg",,"=""0613371658""","=""9780613371650""",0,3.81,Turtleback,Library Binding,283,2001,2000,,2020/10/27,to-read,to-read (#63),to-read,,,,0,0
100915,"The Lion, the Witch and the Wardrobe (Chronicles of Narnia, #1)",C.S. Lewis,"Lewis, C.S.","Tormod Haugen, Per Svein Paulsen","=""""","=""""",0,4.24,HarperCollins Publishers,Paperback,206,2005,1950,,2021/04/01,to-read,to-read (#101),to-read,,,,0,0
34051011,Pachinko,Min Jin Lee,"Lee, Min Jin",,"=""""","=""""",0,4.34,Grand Central Publishing,Kindle Edition,496,2017,2017,,2021/05/06,to-read,to-read (#110),to-read,,,,0,0
50729853,Watch Over Me,Nina LaCour,"LaCour, Nina",,"=""0593108973""","=""9780593108970""",4,3.83,Dutton Books for Young Readers,Hardcover,264,2020,2020,2021/05/11,2021/03/30,,,read,,,,1,0
9969571,"Ready Player One (Ready Player One, #1)",Ernest Cline,"Cline, Ernest",,"=""030788743X""","=""9780307887436""",0,4.23,Crown Publishers,Hardcover,480,2011,2011,,2021/05/06,to-read,to-read (#111),to-read,,,,0,0
38990,Fun Home: A Family Tragicomic,Alison Bechdel,"Bechdel, Alison",,"=""0618477942""","=""9780618477944""",4,4.07,Houghton Mifflin Company,Hardcover,232,2006,2006,2021/05/05,2020/10/12,,,read,,,,1,0
18813642,Bad Feminist,Roxane Gay,"Gay, Roxane",,"=""0062282719""","=""9780062282712""",0,3.92,Harper Perennial,Paperback,320,2014,2014,2021/05/02,2021/02/10,,,read,,,,1,0
51824384,"Act Your Age, Eve Brown (The Brown Sisters, #3)",Talia Hibbert,"Hibbert, Talia",,"=""0062941283""","=""9780062941282""",4,4.08,Avon,ebook,400,2021,2021,2021/04/23,2021/02/10,,,read,,,,1,0
99107,"Winnie-the-Pooh (Winnie-the-Pooh, #1)",A.A. Milne,"Milne, A.A.",Ernest H. Shepard,"=""0525467564""","=""9780525467564""",4,4.38,Dutton Juvenile,Hardcover,161,2001,1926,2021/04/18,2021/04/01,,,read,,,,1,0
39897752,Lost in the Never Woods,Aiden Thomas,"Thomas, Aiden",,"=""125031397X""","=""9781250313973""",0,3.70,Swoon Reads,Hardcover,384,2021,2021,,2021/04/17,to-read,to-read (#107),to-read,,,,0,0
52339313,"Cemetery Boys (Cemetery Boys, #1)",Aiden Thomas,"Thomas, Aiden",,"=""1250250463""","=""9781250250469""",4,4.24,Swoon Reads,Hardcover,344,2020,2020,2021/04/17,2021/01/20,,,read,Slow start with a wonderful pay off. Spectacular representation with memorable characters.,,,1,0
20820994,I'll Give You the Sun,Jandy Nelson,"Nelson, Jandy",,"=""0803734964""","=""9780803734968""",0,4.15,Dial Books,Hardcover,371,2014,2014,,2021/04/15,to-read,to-read (#106),to-read,,,,0,0
6224935,This is Where I Leave You,Jonathan Tropper,"Tropper, Jonathan",,"=""052595127X""","=""9780525951278""",3,3.88,Orion,Hardcover,339,2009,2003,2021/04/10,2021/01/26,,,read,"This was a bit too much for me. Too much misogyny, too much objectification, too many poor choices...just too much.<br/><br/>The touches of humor were needed and appreciated and there were some very sweet moments. Happily surprised by some LGBTQ rep.",,,1,0
21853621,The Nightingale,Kristin Hannah,"Hannah, Kristin",,"=""0312577222""","=""9780312577223""",0,4.64,St. Martin's Press,Hardcover,440,2015,2015,,2021/04/03,to-read,to-read (#102),to-read,,,,0,0
49976087,"Take a Hint, Dani Brown (The Brown Sisters, #2)",Talia Hibbert,"Hibbert, Talia",,"=""0062941259""","=""9780062941251""",3,4.00,Avon,ebook,400,2020,2020,2021/04/02,2021/02/08,,,read,3.5 ,,,1,0
4948,The Very Hungry Caterpillar,Eric Carle,"Carle, Eric",,"=""0241003008""","=""9780241003008""",0,4.34,Puffin Books,Board book,26,1994,1969,,2021/04/01,,,read,,,,1,0
24453082,Big Magic: Creative Living Beyond Fear,Elizabeth Gilbert,"Gilbert, Elizabeth",,"=""1594634718""","=""9781594634710""",0,3.96,Riverhead Books,Hardcover,276,2015,2015,,2021/03/28,to-read,to-read (#100),to-read,,,,0,0
48757,The Tao of Pooh,Benjamin Hoff,"Hoff, Benjamin",Ernest H. Shepard,"=""1405204265""","=""9781405204262""",3,4.01,Egmont Books,Paperback,176,2003,1982,2021/03/25,2020/10/05,,,read,,,,1,0
23677341,We Are the Ants,Shaun David Hutchinson,"Hutchinson, Shaun David",,"=""148144963X""","=""9781481449632""",5,4.10,Simon Pulse,Hardcover,455,2016,2016,2021/03/24,2020/10/10,,,read,,,,1,0
35099718,So You Want to Talk About Race,Ijeoma Oluo,"Oluo, Ijeoma",,"=""1580056776""","=""9781580056779""",5,4.48,Seal Press,Hardcover,248,2018,2018,2021/03/19,2020/11/18,,,read,,,,1,0
28110852,The Girl Who Drank the Moon,Kelly Barnhill,"Barnhill, Kelly",,"=""1616205679""","=""9781616205676""",3,4.11,"Little, Brown Books for Young Readers",Hardcover,388,2016,2016,2021/03/15,2021/01/29,,,read,"3.5 stars. Beautifully written with wonderful characters but, for such a long book, I wanted more? I’d love a full story on Ethyne and Glerk in the future. ",,,1,0
45010932,"Disfigured: On Fairy Tales, Disability, and Making Space",Amanda Leduc,"Leduc, Amanda",,"=""1552453952""","=""9781552453957""",0,4.07,Coach House Books,Paperback,253,2020,2020,,2021/03/05,to-read,to-read (#97),to-read,,,,0,0
32918898,"The Story of Arthur Truluv (Mason, #1)",Elizabeth Berg,"Berg, Elizabeth",,"=""1400069904""","=""9781400069903""",0,4.18,Random House,Hardcover,240,2017,2017,,2021/03/05,to-read,to-read (#96),to-read,,,,0,0
45448133,The Seep,Chana Porter,"Porter, Chana",,"=""1641290862""","=""9781641290869""",0,3.64,Soho Press,Hardcover,203,2020,2020,,2021/03/04,to-read,to-read (#95),to-read,,,,0,0
8909152,Attachments,Rainbow Rowell,"Rowell, Rainbow",,"=""""","=""""",2,3.87,Dutton,Hardcover,323,2011,2011,2021/03/04,2020/10/04,,,read,"Liked Lincoln in general but the concept is odd and not well fleshed out. Some of the language is cringy, too.",,,1,0
49960031,"Wow, No Thank You.: Essays",Samantha Irby,"Irby, Samantha",,"=""0525563482""","=""9780525563488""",5,3.81,Vintage,Paperback,319,2020,2020,2021/02/20,2020/12/30,,,read,,,,1,0
49789629,"The Year of the Witching (Bethel, #1)",Alexis Henderson,"Henderson, Alexis",,"=""0593099605""","=""9780593099605""",0,3.80,Ace ,Hardcover,368,2020,2020,,2021/02/18,to-read,to-read (#94),to-read,,,,0,0
50209372,The Kindest Lie,Nancy    Johnson,"Johnson, Nancy",,"=""0063005654""","=""9780063005655""",0,3.56,William Morrow,ebook,336,2021,2021,,2021/02/10,to-read,to-read (#93),to-read,,,,0,0
43124133,Ayesha at Last,Uzma Jalaluddin,"Jalaluddin, Uzma",,"=""""","=""""",0,3.86,Berkley Books,Paperback,368,2019,2018,,2021/02/10,to-read,to-read (#92),to-read,,,,0,0
52578297,The Midnight Library,Matt Haig,"Haig, Matt",,"=""0525559477""","=""9780525559474""",4,3.98,Viking,Hardcover,288,2020,2020,2021/02/07,2020/12/09,,,read,Really good. Not a book I’ll pick up again but an important read. Plenty of triggers so be prepared before picking it up. We all deserve a Mrs. Elm in our lives!,,,1,0
25883848,The Hating Game,Sally  Thorne,"Thorne, Sally",,"=""""","=""""",3,3.86,William Morrow Paperbacks,ebook,387,2016,2016,2021/02/02,2020/11/03,,,read,"The second half was so much stronger than the first, giving me that glorious angst I was looking for! The wedding, man. The wedding!",,,1,0
35247769,"Always and Forever, Lara Jean (To All the Boys I've Loved Before, #3)",Jenny Han,"Han, Jenny",,"=""1481430483""","=""9781481430487""",3,4.00,Simon & Schuster Books for Young Readers,Hardcover,325,2017,2017,2021/01/23,2020/11/16,,,read,"I enjoyed this book, the whole series really. Lara Jean is a lovely protagonist with her own style, a genuine sense of self, and an empathy unusual for kids her age. But I struggled with all of the apologizing. It wasn’t as severe in this book as the previous 2 but, my god, she made good choices and strong decisions, especially for a teenager, but the girl apologized left, right and center for everything. ",,,1,0
43521693,"The City We Became (Great Cities, #1)",N.K. Jemisin,"Jemisin, N.K.",,"=""0316509841""","=""9780316509848""",0,3.84,Orbit,Hardcover,437,2020,2020,,2021/01/14,to-read,to-read (#91),to-read,,,,0,0
22318578,The Life-Changing Magic of Tidying Up: The Japanese Art of Decluttering and Organizing,Marie Kondō,"Kondō, Marie",,"=""1607747308""","=""9781607747307""",2,3.88,Ten Speed Press,Hardcover,224,2014,2010,2021/01/12,2020/11/23,,,read,"Some parts are extraordinarily helpful. Simple statements that I needed to read to realize. Other parts just aren’t happening and got, in my humble opinion, a bit ridiculous. Empty my purse every night? No thank you.",,,1,0
45047384,"The House in the Cerulean Sea (Cerulean Chronicles, #1)",T.J. Klune,"Klune, T.J.",,"=""""","=""""",4,4.37,Tor Books,Kindle Edition,394,2020,2020,2021/01/08,2020/12/21,,,read,"This book was so much fun! The last few chapters had me in tears. I hope Linus lives a long, happy life and would personally like to adopt all of those kids. My only complaint is the editing. The number of grammatical errors in my copy seemed excessive but obviously not a reflection of the author and their unique style. Totally recommend!",,,1,0
44019067,"The Bromance Book Club (Bromance Book Club, #1)",Lyssa Kay Adams,"Adams, Lyssa Kay",,"=""1984806106""","=""9781984806109""",0,3.86,Jove,Kindle Edition,352,2019,2019,,2021/01/06,to-read,to-read (#90),to-read,,,,0,0
18007564,The Martian,Andy Weir,"Weir, Andy",,"=""0804139024""","=""9780804139021""",3,4.42,Ballantine Books,Hardcover,384,2014,2011,2021/01/05,2020/10/04,,,read,"This was a tough book to read. I liked Mark’s character, especially his humor, but his log entries were so science-ridden (understandably so) that I got lost, confused or, sometimes, disinterested. The last third of the book was great since I really enjoyed the action at NASA and the characters there. ",,,1,0
50892338,"Legendborn (The Legendborn Cycle, #1)",Tracy Deonn,"Deonn, Tracy",,"=""1534441603""","=""9781534441606""",0,4.30,Margaret K. McElderry Books,Hardcover,502,2020,2020,,2020/12/30,to-read,to-read (#87),to-read,,,,0,0
42616620,A Beautiful Day in the Neighborhood: The Poetry of Mister Rogers (Mister Rogers Poetry Books),Fred Rogers,"Rogers, Fred",Luke Flowers,"=""168369113X""","=""9781683691136""",0,4.35,Quirk Books,Hardcover,144,2019,2019,,2020/11/18,,,read,,,,1,0
16181775,"The Rosie Project (Don Tillman, #1)",Graeme Simsion,"Simsion, Graeme",,"=""1476729085""","=""9781476729084""",3,4.01,Simon & Schuster,Hardcover,292,2013,2013,2020/12/21,2020/11/30,,,read,,,,1,0
52761909,The Paris Library,Janet Skeslien Charles,"Charles, Janet Skeslien",,"=""1982134194""","=""9781982134198""",0,4.06,Atria Books,Hardcover,368,2021,2021,,2020/12/20,to-read,to-read (#85),to-read,,,,0,0
49348458,I Was Told It Would Get Easier,Abbi Waxman,"Waxman, Abbi",,"=""0451491890""","=""9780451491893""",3,3.70,Berkley,Paperback,352,2020,2020,2020/12/17,2020/10/04,,,read,"Fun, easy read. Super relatable (uncomfortably so at times.) A little bummed there wasn’t more when Jessica and Emily returned home from the trip.",,,1,0
10032672,The Language of Flowers,Vanessa Diffenbaugh,"Diffenbaugh, Vanessa",,"=""034552554X""","=""9780345525543""",0,4.09,Ballantine Books,Hardcover,323,2011,2011,,2020/12/16,to-read,to-read (#83),to-read,,,,0,0
2657,To Kill a Mockingbird,Harper Lee,"Lee, Harper",,"=""0060935464""","=""9780060935467""",4,4.26,Harper Perennial Modern Classics ,Paperback,323,2006,1960,2020/12/07,2020/10/04,,,read,,,,1,0
49113376,Let Your Heart Be Light,J.R. Lawrie,"Lawrie, J.R.",,"=""1948272296""","=""9781948272292""",0,4.19,Carnation Books,Kindle Edition,199,2019,2019,,2020/11/29,to-read,to-read (#80),to-read,,,,0,0
61549,Mr. Popper's Penguins,Richard Atwater,"Atwater, Richard","Florence Atwater, Robert Lawson","=""""","=""""",3,3.97,"Little, Brown and Company",Paperback,139,1992,1938,2020/11/25,2020/10/28,,,read,,,,1,0
14935,Sense and Sensibility,Jane Austen,"Austen, Jane","Ros Ballaster, Джейн Остин","=""0141439661""","=""9780141439662""",3,4.09,Penguin Books,Paperback,409,2003,1811,2020/11/23,2020/11/13,,,read,,,,1,0
25817162,America's First Daughter,Stephanie Dray,"Dray, Stephanie",Laura Kamoie,"=""""","=""""",0,4.23,William Morrow Paperbacks,Paperback,606,2016,2016,,2020/11/19,to-read,to-read (#79),to-read,,,,0,0
30653853,"The Upside of Unrequited (Simonverse, #2)",Becky Albertalli,"Albertalli, Becky",,"=""0062348701""","=""9780062348708""",0,3.89,HarperCollins,Hardcover,336,2017,2017,,2020/11/19,to-read,to-read (#78),to-read,,,,0,0
35743037,The Woman's Hour: The Great Fight to Win the Vote,Elaine F. Weiss,"Weiss, Elaine F.",,"=""0525429727""","=""9780525429722""",0,4.03,Viking,Hardcover,416,2018,2018,,2020/11/18,to-read,to-read (#77),to-read,,,,0,0
47281,Number the Stars,Lois Lowry,"Lowry, Lois",,"=""0440227534""","=""9780440227533""",0,4.19,Laurel Leaf,Mass Market Paperback,137,1998,1989,,2020/11/15,to-read,to-read (#76),to-read,,,,0,0
31122,I Capture the Castle,Dodie Smith,"Smith, Dodie",,"=""0312181108""","=""9780312181109""",0,3.99,St. Martin's Press,Hardcover,408,1998,1948,,2020/11/15,to-read,to-read (#75),to-read,,,,0,0
93,"Heidi (Heidi, #1-2)",Johanna Spyri,"Spyri, Johanna","Angelo Rinaldi, Beverly Cleary","=""0753454947""","=""9780753454947""",0,4.04,Kingfisher,Paperback,352,2002,1880,,2020/11/15,to-read,to-read (#74),to-read,,,,0,0
19302,"Pippi Longstocking (Pippi Långstrump, #1)",Astrid Lindgren,"Lindgren, Astrid","Michael Chesworth, Louis S. Glanzman, Florence Lamborn","=""0142402494""","=""9780142402498""",3,4.15,Puffin Books,Mass Market Paperback,160,2005,1945,2020/11/10,2020/10/05,,,read,,,,1,0
36687229,Hood Feminism: Notes from the Women That a Movement Forgot,Mikki Kendall,"Kendall, Mikki",,"=""""","=""""",4,4.36,Viking,Hardcover,267,2020,2020,2020/11/08,2020/10/04,,,read,,,,1,0
50892004,A Cuban Girl's Guide to Tea and Tomorrow,Laura Taylor Namey,"Namey, Laura Taylor",,"=""1534471243""","=""9781534471245""",0,3.74,Atheneum Books for Young Readers,Hardcover,308,2020,2020,,2020/11/04,to-read,to-read (#72),to-read,,,,0,0
48997636,Here the Whole Time,Vitor Martins,"Martins, Vitor",Larissa Helena,"=""1338620827""","=""9781338620825""",0,4.21,Scholastic Press,Hardcover,288,2020,2017,,2020/11/04,to-read,to-read (#71),to-read,,,,0,0
53174679,"Instant Karma (Instant Karma, #1)",Marissa Meyer,"Meyer, Marissa",,"=""1250618819""","=""9781250618818""",0,3.74,Feiwel & Friends,Hardcover,400,2020,2020,,2020/11/04,to-read,to-read (#70),to-read,,,,0,0
8683812,The Paris Wife,Paula McLain,"McLain, Paula",,"=""0345521307""","=""9780345521309""",0,3.82,Ballantine Books,Hardcover,336,2011,2011,,2020/11/03,,,read,,,,1,0
775597,"Caps for Sale: A Tale of a Peddler, Some Monkeys and Their Monkey Business",Esphyr Slobodkina,"Slobodkina, Esphyr",,"=""0064431436""","=""9780064431439""",0,4.17,HarperCollins,Paperback,48,2015,1940,,2020/10/28,,,read,,,,1,0
116591,The Wonderful Wizard of Oz: A Commemorative Pop-Up,Robert Sabuda,"Sabuda, Robert",L. Frank Baum,"=""0689817517""","=""9780689817519""",0,4.47,Little Simon,Hardcover,16,2001,2010,,2020/11/02,,,read,,,,1,0
11486,The Color Purple,Alice Walker,"Walker, Alice",,"=""""","=""""",5,4.28,Pocket,Paperback,295,2004,1982,2020/11/02,2020/10/04,,,read,,,,1,0
19161852,The Fifth Season (The Broken Earth #1),N.K. Jemisin,"Jemisin, N.K.",,"=""""","=""""",0,4.29,Orbit,Paperback,468,2015,2015,,2020/10/31,to-read,to-read (#69),to-read,,,,0,0
49960370,The Story of More: How We Got to Climate Change and Where to Go from Here,Hope Jahren,"Jahren, Hope",,"=""0525563385""","=""9780525563389""",0,4.14,Vintage,Paperback,210,2020,2020,,2020/10/30,,,read,,,,1,0
31314,Barnyard Dance,Sandra Boynton,"Boynton, Sandra",,"=""1563054426""","=""9781563054426""",0,4.26,Workman Kids,Board Book,24,1993,1993,,2020/10/29,,,read,,,,1,0
109949,"We're Different, We're the Same",Bobbi Jane Kates,"Kates, Bobbi Jane",Joe Mathieu,"=""0679832270""","=""9780679832270""",0,4.51,Random House Books for Young Readers,Paperback,32,1992,1992,,2020/10/29,,,read,,,,1,0
7268995,A Sick Day for Amos McGee (Caldecott Medal Winner),Philip C. Stead,"Stead, Philip C.",Erin E. Stead,"=""1596434023""","=""9781596434028""",5,4.26,Roaring Brook Press,Hardcover,32,2010,2010,,2020/10/29,,,read,,,,1,0
7531218,While The World Is Sleeping,Pamela Duncan Edwards,"Edwards, Pamela Duncan",Daniel Kirk,"=""0545017564""","=""9780545017565""",0,3.61,Orchard Books,Hardcover,32,2010,2010,,2020/10/29,,,read,,,,1,0
117140,Snuggle Puppy! (Boynton on Board),Sandra Boynton,"Boynton, Sandra",,"=""0761130675""","=""9780761130673""",0,4.30,Workman Kids,Board book,24,2003,2003,,2020/10/29,,,read,,,,1,0
820274,It Looked Like Spilt Milk,Charles G. Shaw,"Shaw, Charles G.",,"=""0064431592""","=""9780064431590""",0,4.14,Harper & Row,Paperback,32,1988,1947,,2020/10/29,,,read,,,,1,0
980501,A Fly Went By,Mike McClintock,"McClintock, Mike",Fritz Siebel,"=""0394800036""","=""9780394800035""",0,4.14,Random House,Hardcover,65,1958,1958,,2020/10/29,,,read,,,,1,0
183524,Little Blue and Little Yellow: A Story for Pippo and Other Children,Leo Lionni,"Lionni, Leo",,"=""0688132855""","=""9780688132859""",0,4.14,Harpercollins Childrens Books,Paperback,48,1995,1959,,2020/10/29,,,read,,,,1,0
177246,Room on the Broom,Julia Donaldson,"Donaldson, Julia",Axel Scheffler,"=""0142501123""","=""9780142501122""",0,4.47,Puffin Books,Paperback,32,2003,2001,,2020/10/29,,,read,,,,1,0
105552,Mr. Brown Can Moo! Can You?,Dr. Seuss,"Seuss, Dr.",,"=""0007169914""","=""9780007169917""",0,4.14,Harpercollins Childs,Paperback,32,2003,1970,,2020/10/29,,,read,,,,1,0
386210,Just Me and My Mom (A Golden Look-Look Book),Mercer Mayer,"Mayer, Mercer",,"=""030712584X""","=""9780307125842""",0,4.23,Random House Books for Young Readers,Paperback,24,2001,1990,,2020/10/29,,,read,,,,1,0
413158,Put Me in the Zoo,Robert Lopshire,"Lopshire, Robert",,"=""067984483X""","=""9780679844839""",0,4.16,Random House Inc.,Paperback,72,1988,1960,,2020/10/29,,,read,,,,1,0
53580,The Going To Bed Book,Sandra Boynton,"Boynton, Sandra",,"=""0671449028""","=""9780671449025""",0,4.25,Boynton Bookworks,Board Book,16,1982,1982,,2020/10/29,,,read,,,,1,0
239388,Just Me and My Dad,Mercer Mayer,"Mayer, Mercer",,"=""0307118398""","=""9780307118394""",0,4.21,Golden Press,Paperback,24,2001,1977,,2020/10/29,,,read,,,,1,0
140131,Walt Disney's Three Little Pigs (A Little Golden Book),Al Dempster,"Dempster, Al",Walt Disney Company,"=""0736423125""","=""9780736423120""",0,4.23,Golden/Disney,Hardcover,24,2004,1933,,2020/10/29,,,read,,,,1,0
1767779,Five Little Monkeys Jumping on the Bed,Eileen Christelow,"Christelow, Eileen",,"=""0899197698""","=""9780899197692""",0,4.13,Clarion Books,Board Book,32,1989,1989,,2020/10/29,,,read,,,,1,0
967494,The Mitten,Jan Brett,"Brett, Jan",,"=""039921920X""","=""9780399219207""",0,4.28,G.P. Putnam's Sons,Hardcover,32,1989,1989,,2020/10/29,,,read,,,,1,0
105549,The Sneetches and Other Stories,Dr. Seuss,"Seuss, Dr.",,"=""0007158505""","=""9780007158508""",0,4.31,HarperCollins Publishers,Paperback,68,2003,1961,,2020/10/29,,,read,,,,1,0
759611,"Brown Bear, Brown Bear, What Do You See?",Bill Martin Jr.,"Jr., Bill Martin",Eric Carle,"=""0805047905""","=""9780805047905""",0,4.27,Henry Holt and Co.,Board book,24,1996,1967,,2020/10/29,,,read,,,,1,0
293595,Chicka Chicka Boom Boom,Bill Martin Jr.,"Jr., Bill Martin","John Archambault, Lois Ehlert","=""068983568X""","=""9780689835681""",0,4.26,Beach Lane Books,Paperback,32,2000,1989,,2020/10/29,,,read,,,,1,0
310259,Love You Forever,Robert Munsch,"Munsch, Robert",Sheila McGraw,"=""0920668372""","=""9780920668375""",0,4.38,Firefly Books,Paperback,32,1995,1986,,2020/10/29,,,read,,,,1,0
12000020,"Aristotle and Dante Discover the Secrets of the Universe (Aristotle and Dante, #1)",Benjamin Alire Sáenz,"Sáenz, Benjamin Alire",,"=""1442408928""","=""9781442408920""",0,4.29,Simon & Schuster Books for Young Readers,Hardcover,390,2012,2012,,2020/10/28,,,read,,,,1,0
28350,I Wish That I Had Duck Feet,Dr. Seuss,"Seuss, Dr.","Theo LeSieg, Barney Tobey","=""000717313X""","=""9780007173136""",0,4.17,HarperCollins,Paperback,64,2004,1965,,2020/10/28,,,read,,,,1,0
35960007,"The Secret Diary of Hendrik Groen, 83¼ Years Old",Hendrik Groen,"Groen, Hendrik",Hester Velmans,"=""1455542156""","=""9781455542154""",0,3.93,Grand Central Publishing,Paperback,384,2018,2014,,2020/10/28,to-read,to-read (#67),to-read,,,,0,0
36578942,"The 100-Year-Old Man Who Climbed Out the Window and Disappeared (The Hundred-Year-Old Man, #1)",Jonas Jonasson,"Jonasson, Jonas",,"=""""","=""""",0,3.82,Hachette Books,Kindle Edition,396,2012,2009,,2020/10/28,to-read,to-read (#66),to-read,,,,0,0
20698530,"P.S. I Still Love You (To All the Boys I've Loved Before, #2)",Jenny Han,"Han, Jenny",,"=""144242673X""","=""9781442426733""",0,4.01,Simon & Schuster Books for Young Readers,Hardcover,337,2015,2015,,2020/10/28,,,read,,,,1,0
15749186,"To All the Boys I've Loved Before (To All the Boys I've Loved Before, #1)",Jenny Han,"Han, Jenny",,"=""1442426713""","=""9781442426719""",0,4.04,Simon & Schuster Books for Young Readers,Paperback,384,2014,2014,2020/07/28,2020/10/28,,,read,,,,1,0
33722,The Undomestic Goddess,Sophie Kinsella,"Kinsella, Sophie",,"=""""","=""""",0,3.86,Dial Press Trade Paperback,Paperback,404,2006,2005,,2020/10/28,,,read,,,,1,0
858037,"Danny and the Dinosaur (Danny and the Dinosaur, #1)",Syd Hoff,"Hoff, Syd",,"=""0064440028""","=""9780064440028""",0,4.03,Harper Trophy,Paperback,64,1978,1958,,2020/10/28,,,read,,,,1,0
667234,"The Cat in the Hat Comes Back (The Cat in the Hat, #2)",Dr. Seuss,"Seuss, Dr.",,"=""0394800028""","=""9780394800028""",0,3.91,Begginner Books,Hardcover,63,2000,1958,,2020/10/28,,,read,,,,1,0
590552,Chicken Soup with Rice: A Book of Months,Maurice Sendak,"Sendak, Maurice",,"=""006443253X""","=""9780064432535""",0,4.24,HarperCollins,Paperback,32,1991,1962,,2020/10/28,,,read,,,,1,0
310258,"The Snowy Day (Peter, #1)",Ezra Jack Keats,"Keats, Ezra Jack",,"=""0140501827""","=""9780140501827""",0,4.20,Puffin Books,Paperback,32,1976,1962,,2020/10/28,,,read,,,,1,0
824204,The Little Engine That Could,Watty Piper,"Piper, Watty","George Hauman, Doris Hauman","=""0448405202""","=""9780448405209""",0,4.20,Platt & Munk,Hardcover,48,2006,1930,,2020/10/28,,,read,,,,1,0
105551,Fox in Socks,Dr. Seuss,"Seuss, Dr.",,"=""0007158475""","=""9780007158478""",0,4.11,Green Back Books / HarperCollins Children's Books,Paperback,64,2003,1965,,2020/10/28,,,read,,,,1,0
231850,Corduroy,Don Freeman,"Freeman, Don",,"=""0670241334""","=""9780670241330""",0,4.33,Viking Books for Young Readers,Hardcover,32,1968,1968,,2020/10/28,,,read,,,,1,0
7770,"One Fish, Two Fish, Red Fish, Blue Fish",Dr. Seuss,"Seuss, Dr.",,"=""0007173687""","=""9780007173686""",0,4.18,Harper Collins Children's Books,Hardcover,64,2003,1960,,2020/10/28,,,read,,,,1,0
197084,Are You My Mother?,P.D. Eastman,"Eastman, P.D.",,"=""0001713221""","=""9780001713222""",0,4.22,"Random House, Inc.",Paperback,64,1962,1960,,2020/10/28,,,read,,,,1,0
98573,"Harold and the Purple Crayon (Harold, #1)",Crockett Johnson,"Johnson, Crockett",,"=""0747532036""","=""9780747532033""",0,4.28,Bloomsbury,Hardcover,64,1996,1955,,2020/10/28,,,read,,,,1,0
191139,"Oh, the Places You’ll Go!",Dr. Seuss,"Seuss, Dr.",,"=""0679805273""","=""9780679805274""",0,4.37,Random House Books for Young Readers,Hardcover,44,1990,1990,,2020/10/28,,,read,,,,1,0
32929,Goodnight Moon,Margaret Wise Brown,"Brown, Margaret Wise",Clement Hurd,"=""0060775858""","=""9780060775858""",0,4.32,HarperCollins,Hardcover,32,2007,1947,,2020/10/28,,,read,,,,1,0
44186,The Monster at the End of this Book,Jon Stone,"Stone, Jon",Michael Smollin,"=""037582913X""","=""9780375829130""",0,4.46,Golden Books,Hardcover,32,2004,1971,,2020/10/28,,,read,,,,1,0
233093,"The Cat in the Hat (Cat in the Hat, #1)",Dr. Seuss,"Seuss, Dr.",,"=""039480001X""","=""9780394800011""",0,4.19,Random House Books for Young Readers,Hardcover,61,1985,1957,,2020/10/28,,,read,,,,1,0
23772,Green Eggs and Ham,Dr. Seuss,"Seuss, Dr.",,"=""0394800168""","=""9780394800165""",0,4.31,Random House Books for Young Readers,Hardcover,64,1988,1960,,2020/10/28,,,read,,,,1,0
55359022,A Promised Land,Barack Obama,"Obama, Barack",,"=""1524763160""","=""9781524763169""",0,4.32,Crown Publishing Group,Hardcover,701,2020,2020,,2020/10/28,to-read,to-read (#65),to-read,,,,0,0
43557477,The Jane Austen Society (Jane Austen Society #1),Natalie Jenner,"Jenner, Natalie",,"=""1250248736""","=""9781250248732""",0,3.73,St. Martin's Press,Hardcover,304,2020,2020,,2020/10/28,to-read,to-read (#64),to-read,,,,0,0
18774964,A Man Called Ove,Fredrik Backman,"Backman, Fredrik",Henning Koch,"=""1476738017""","=""9781476738017""",4,4.38,Atria Books,Hardcover,337,2014,2012,2020/10/28,2020/10/04,,,read,,,,1,0
36341204,"What If It's Us (What If It's Us, #1)",Becky Albertalli,"Albertalli, Becky",Adam Silvera,"=""0062795252""","=""9780062795250""",0,3.80,HarperCollins,Hardcover,448,2018,2018,,2020/10/27,,,read,,,,1,0
6567017,"Will Grayson, Will Grayson",John Green,"Green, John",David Levithan,"=""0525421580""","=""9780525421580""",0,3.69,Dutton Books,Hardcover,320,2010,2010,,2020/10/27,,,read,,,,1,0
3636,"The Giver (The Giver, #1)",Lois Lowry,"Lowry, Lois",,"=""0385732554""","=""9780385732550""",0,4.12,Ember,Paperback,208,2006,1993,,2020/10/27,,,read,,,,1,0
236093,"The Wonderful Wizard of Oz (Oz, #1)",L. Frank Baum,"Baum, L. Frank",W.W. Denslow,"=""0140621679""","=""9780140621679""",0,4.00,Penguin,Paperback,154,1995,1900,,2020/10/27,,,read,,,,1,0
16068905,Fangirl,Rainbow Rowell,"Rowell, Rainbow",,"=""""","=""""",0,3.94,St. Martin's Griffin,ebook,483,2013,2013,,2020/10/04,,,read,,,,1,0
5148,A Separate Peace,John Knowles,"Knowles, John",David Levithan,"=""""","=""""",0,3.60,Scribner,Paperback,208,2003,1959,,2020/10/27,,,read,,,,1,0
10956,The Virgin Suicides,Jeffrey Eugenides,"Eugenides, Jeffrey",,"=""0747560595""","=""9780747560593""",0,3.78,Bloomsbury Paperbacks,Paperback,250,2002,1993,,2020/10/27,,,read,,,,1,0
1162543,"Breaking Dawn (The Twilight Saga, #4)",Stephenie Meyer,"Meyer, Stephenie",,"=""031606792X""","=""9780316067928""",0,3.76,"Little, Brown and Company",Hardcover,756,2008,2008,,2020/10/27,,,read,,,,1,0
2122,The Fountainhead,Ayn Rand,"Rand, Ayn",Leonard Peikoff,"=""""","=""""",0,3.89,Signet Book,Mass Market Paperback,704,1996,1943,,2020/10/27,,,read,,,,1,0
428263,"Eclipse (The Twilight Saga, #3)",Stephenie Meyer,"Meyer, Stephenie",,"=""0316160202""","=""9780316160209""",0,3.74,"Little, Brown and Company",Hardcover,629,2007,2007,,2020/10/27,,,read,,,,1,0
49041,"New Moon (The Twilight Saga, #2)",Stephenie Meyer,"Meyer, Stephenie",,"=""0316160199""","=""9780316160193""",0,3.62,"Little, Brown and Company",Hardcover,563,2006,2006,,2020/10/27,,,read,,,,1,0
2998,The Secret Garden,Frances Hodgson Burnett,"Burnett, Frances Hodgson",,"=""0517189607""","=""9780517189603""",0,4.17,Children's Classics,Hardcover,331,1998,1911,,2020/10/27,,,read,,,,1,0
838729,"The Return of the King (The Lord of the Rings, #3)",J.R.R. Tolkien,"Tolkien, J.R.R.",,"=""0345240340""","=""9780345240347""",0,4.58,Ballantine Books,Mass Market Paperback,385,1974,1955,,2020/10/27,,,read,,,,1,0
222910,"The Two Towers (The Lord of the Rings, #2)",J.R.R. Tolkien,"Tolkien, J.R.R.",,"=""""","=""""",0,4.50,Ballantine Books,Mass Market Paperback,447,1973,1954,,2020/10/27,,,read,,,,1,0
13335037,"Divergent (Divergent, #1)",Veronica Roth,"Roth, Veronica",,"=""0062024035""","=""9780062024039""",0,4.13,Katherine Tegen Books,Paperback,487,2012,2011,,2020/10/27,,,read,,,,1,0
22628,The Perks of Being a Wallflower,Stephen Chbosky,"Chbosky, Stephen",,"=""""","=""""",0,4.24,MTV Books/Pocket Books,Hardcover,213,1999,1999,,2020/10/27,,,read,,,,1,0
41865,"Twilight (The Twilight Saga, #1)",Stephenie Meyer,"Meyer, Stephenie",,"=""0316015849""","=""9780316015844""",0,3.67,"Little, Brown and Company",Paperback,498,2006,2005,,2020/10/27,,,read,,,,1,0
3263607,"The Fellowship of the Ring (The Lord of the Rings, #1)",J.R.R. Tolkien,"Tolkien, J.R.R.",,"=""""","=""""",0,4.40,Ballantine Books,Mass Market Paperback,527,1973,1954,,2020/10/27,,,read,,,,1,0
7260188,"Mockingjay (The Hunger Games, #3)",Suzanne Collins,"Collins, Suzanne",,"=""0439023513""","=""9780439023511""",0,4.12,Scholastic Press,Hardcover,390,2010,2010,,2020/10/27,,,read,,,,1,0
6148028,"Catching Fire (The Hunger Games, #2)",Suzanne Collins,"Collins, Suzanne",,"=""0439023491""","=""9780439023498""",0,4.35,Scholastic Press,Hardcover,391,2009,2009,,2020/10/27,,,read,,,,1,0
5129,Brave New World,Aldous Huxley,"Huxley, Aldous",,"=""0060929871""","=""9780060929879""",0,3.99,HarperPerennial / Perennial Classics,Paperback,268,1998,1932,,2020/10/27,to-read,to-read (#61),to-read,,,,0,0
2767052,"The Hunger Games (The Hunger Games, #1)",Suzanne Collins,"Collins, Suzanne",,"=""0439023483""","=""9780439023481""",0,4.35,Scholastic Press,Hardcover,374,2008,2008,,2020/10/27,,,read,,,,1,0
2,"Harry Potter and the Order of the Phoenix (Harry Potter, #5)",J.K. Rowling,"Rowling, J.K.",Mary GrandPré,"=""0439686520""","=""9780439686525""",0,4.50,Scholastic Inc.,Paperback,870,2004,2003,,2020/10/27,,,read,,,,1,0
1,"Harry Potter and the Half-Blood Prince (Harry Potter, #6)",J.K. Rowling,"Rowling, J.K.",,"=""""","=""""",0,4.58,Scholastic Inc,Paperback,652,2006,2005,,2020/10/27,,,read,,,,0,0
136251,"Harry Potter and the Deathly Hallows (Harry Potter, #7)",J.K. Rowling,"Rowling, J.K.",,"=""""","=""""",0,4.62,Arthur A. Levine Books,Hardcover,759,2007,2007,,2020/10/27,,,read,,,,1,0
6,"Harry Potter and the Goblet of Fire (Harry Potter, #4)",J.K. Rowling,"Rowling, J.K.",Mary GrandPré,"=""0439139597""","=""9780439139595""",0,4.57,Scholastic,Paperback,734,2002,2000,,2020/10/27,,,read,,,,1,0
5,"Harry Potter and the Prisoner of Azkaban (Harry Potter, #3)",J.K. Rowling,"Rowling, J.K.",Mary GrandPré,"=""043965548X""","=""9780439655484""",0,4.58,Scholastic Inc.,Mass Market Paperback,547,2004,1999,,2020/10/27,,,read,,,,1,0
15881,"Harry Potter and the Chamber of Secrets (Harry Potter, #2)",J.K. Rowling,"Rowling, J.K.",Mary GrandPré,"=""""","=""""",0,4.43,Arthur A. Levine Books,Hardcover,352,1999,1998,,2020/10/27,,,read,,,,1,0
3,"Harry Potter and the Sorcerer's Stone (Harry Potter, #1)",J.K. Rowling,"Rowling, J.K.",,"=""0439554934""","=""9780439554930""",0,4.47,Scholastic Inc,Hardcover,309,2003,1997,,2020/10/27,,,read,,,,1,0
40961427,1984,George Orwell,"Orwell, George",,"=""""","=""""",0,4.20,Houghton Mifflin Harcourt,ebook,298,2013,1949,,2020/10/27,,,read,,,,1,0
50623864,The Invisible Life of Addie LaRue,V.E. Schwab,"Schwab, V.E.",Victoria Schwab,"=""0765387565""","=""9780765387561""",0,4.17,Tor Books,Hardcover,448,2020,2020,,2020/10/25,to-read,to-read (#60),to-read,,,,0,0
49694080,Ties That Tether,Jane Igharo,"Igharo, Jane",,"=""0593101944""","=""9780593101940""",0,3.78,Berkley,Paperback,306,2020,2020,,2020/10/25,to-read,to-read (#59),to-read,,,,0,0
6294,"Howl’s Moving Castle (Howl’s Moving Castle, #1)",Diana Wynne Jones,"Jones, Diana Wynne",,"=""006441034X""","=""9780064410342""",0,4.29,Harper Trophy,Mass Market Paperback,329,2001,1986,,2020/10/24,to-read,to-read (#58),to-read,,,,0,0
17803,After Dark,Haruki Murakami,"Murakami, Haruki",Jay Rubin,"=""0307265838""","=""9780307265838""",0,3.74,Knopf,Hardcover,191,2007,2004,,2020/10/24,to-read,to-read (#57),to-read,,,,0,0
39988,Matilda,Roald Dahl,"Dahl, Roald",Quentin Blake,"=""043512398X""","=""9780435123987""",3,4.33,New Windmills,Hardcover,240,1992,1988,2020/10/21,2020/10/04,,,read,,,,1,0
28212,"And the Band Played On: Politics, People, and the AIDS Epidemic",Randy Shilts,"Shilts, Randy",William Greider,"=""0312241356""","=""9780312241353""",0,4.39,Stonewall Inn Editions,Paperback,660,2000,1987,,2020/10/12,to-read,to-read (#55),to-read,,,,0,0
42603,Black Like Me,John Howard Griffin,"Griffin, John Howard",,"=""0451208641""","=""9780451208644""",0,4.11,Berkley,Paperback,208,2003,1961,,2020/10/12,to-read,to-read (#54),to-read,,,,0,0
13214,"I Know Why the Caged Bird Sings (Maya Angelou's Autobiography, #1)",Maya Angelou,"Angelou, Maya",,"=""0553279378""","=""9780553279375""",0,4.30,Bantam Books,Paperback,289,1993,1969,,2020/10/12,to-read,to-read (#53),to-read,,,,0,0
44600621,"Dear Girls: Intimate Tales, Untold Secrets, & Advice for Living Your Best Life",Ali Wong,"Wong, Ali",Justin Hakuta,"=""052550883X""","=""9780525508830""",3,3.84,Random House,Hardcover,240,2019,2019,2020/10/12,2020/10/09,,,read,,,,1,0
21969786,More Than This,Patrick Ness,"Ness, Patrick",,"=""1406350486""","=""9781406350487""",0,3.94,Walker Books Ltd,Paperback,480,2014,2013,,2020/10/10,to-read,to-read (#52),to-read,,,,0,0
38363619,"Feud (Neighbors to Lovers, #1)",Phyllis Bourne,"Bourne, Phyllis",,"=""0991349059""","=""9780991349050""",0,4.03,Red Lipstick Press,Kindle Edition,152,2018,2018,,2020/10/09,to-read,to-read (#51),to-read,,,,0,0
31180248,"Leah on the Offbeat (Simonverse, #3)",Becky Albertalli,"Albertalli, Becky",,"=""0062643800""","=""9780062643803""",4,3.79,HarperCollins/Balzer + Bray,Hardcover,352,2018,2018,2020/10/09,2020/10/04,,,read,,,,1,0
41063454,Meet Cute,Helena Hunting,"Hunting, Helena",,"=""1538760185""","=""9781538760185""",0,3.73,Forever,Paperback,384,2019,2019,,2020/10/09,to-read,to-read (#50),to-read,,,,0,0
52186796,"Girl, Woman, Other",Bernardine Evaristo,"Evaristo, Bernardine",,"=""0802156983""","=""9780802156983""",0,4.26,Black Cat/Grove Atlantic,Paperback,453,2019,2019,,2020/10/09,to-read,to-read (#49),to-read,,,,0,0
7937843,Room,Emma Donoghue,"Donoghue, Emma",,"=""""","=""""",0,4.08,"Little, Brown and Company",Hardcover,321,2010,2010,,2020/10/04,to-read,to-read (#23),to-read,,,,0,0
43641,Water for Elephants,Sara Gruen,"Gruen, Sara",,"=""1565125606""","=""9781565125605""",0,4.11,Algonquin Books,Paperback,368,2007,2006,,2020/10/04,to-read,to-read (#8),to-read,,,,0,0
18619684,The Time Traveler's Wife,Audrey Niffenegger,"Niffenegger, Audrey",,"=""1939126010""","=""9781939126016""",0,4.00,Zola Books,ebook,537,2013,2003,,2020/10/04,to-read,to-read (#6),to-read,,,,0,0
95558,Solaris,Stanisław Lem,"Lem, Stanisław","Steve Cox, Joanna Kilmartin","=""""","=""""",0,3.99,Harcourt,Paperback,204,2002,1961,,2020/10/07,to-read,to-read (#48),to-read,,,,0,0
44281041,A Castle in the Clouds,Kerstin Gier,"Gier, Kerstin",Romy Fursland,"=""1250300193""","=""9781250300195""",0,3.95,Henry Holt and Co. (BYR),Hardcover,336,2020,2017,,2020/10/07,to-read,to-read (#47),to-read,,,,0,0
12262741,Wild: From Lost to Found on the Pacific Crest Trail,Cheryl Strayed,"Strayed, Cheryl",,"=""0307592731""","=""9780307592736""",0,4.07,Knopf,Hardcover,336,2012,2012,,2020/10/04,to-read,to-read (#26),to-read,,,,0,0
49079959,Welcome to the United States of Anxiety: Observations from a Reforming Neurotic,Jen Lancaster,"Lancaster, Jen",,"=""1542007933""","=""9781542007931""",0,3.37,Little A,Kindle Edition,288,2020,2020,,2020/10/07,to-read,to-read (#46),to-read,,,,0,0
49465,Those Who Save Us,Jenna Blum,"Blum, Jenna",,"=""0156031663""","=""9780156031660""",0,4.11,Harcourt Books,Paperback,479,2005,2004,,2020/10/06,to-read,to-read (#45),to-read,,,,0,0
7244,The Poisonwood Bible,Barbara Kingsolver,"Kingsolver, Barbara",,"=""0060786507""","=""9780060786502""",0,4.11,Harper Perennial Modern Classics,Paperback,546,2005,1998,,2020/10/06,to-read,to-read (#44),to-read,,,,0,0
22822858,A Little Life,Hanya Yanagihara,"Yanagihara, Hanya",,"=""0385539258""","=""9780385539258""",0,4.28,Doubleday,Hardcover,720,2015,2015,,2020/10/06,to-read,to-read (#43),to-read,,,,0,0
19547856,"Simon vs. the Homo Sapiens Agenda (Simonverse, #1)",Becky Albertalli,"Albertalli, Becky",,"=""0062348671""","=""9780062348678""",4,4.13,Balzer + Bray,Hardcover,320,2015,2015,2020/10/06,2020/10/04,,,read,Love it. The teenagers are really teens who make decisions they don’t understand and have emotions they can’t control. The use of the emails is wonderful. <br/><br/>I also wish I had an Abby and a Leah in my life!,,,1,0
296662,Lies My Teacher Told Me: Everything Your American History Textbook Got Wrong,James W. Loewen,"Loewen, James W.",,"=""0684818868""","=""9780684818863""",0,3.97,"Touchstone Books/Simon & Schuster, Inc.",Paperback,383,1996,1995,,2020/10/05,to-read,to-read (#42),to-read,,,,0,0
38210,The Art of Happiness,Dalai Lama XIV,"XIV, Dalai Lama",Howard C. Cutler,"=""1573221112""","=""9781573221115""",0,4.17,Riverhead Hardcover,Hardcover,322,1998,1998,,2020/10/05,to-read,to-read (#41),to-read,,,,0,0
40604658,"Jurassic Park (Jurassic Park, #1)",Michael Crichton,"Crichton, Michael",,"=""0307763056""","=""9780307763051""",0,4.13,Ballantine Books,Kindle Edition,466,2012,1990,,2020/10/05,to-read,to-read (#40),to-read,,,,0,0
19288043,Gone Girl,Gillian Flynn,"Flynn, Gillian",,"=""0307588378""","=""9780307588371""",0,4.14,Ballantine Books,Paperback,415,2014,2012,,2020/10/05,to-read,to-read (#39),to-read,,,,0,0
67238,Dead Poets Society,N.H. Kleinbaum,"Kleinbaum, N.H.",Tom Schulman,"=""0553282980""","=""9780553282986""",0,4.17,Starfire,Paperback,166,1989,1988,,2020/10/05,to-read,to-read (#38),to-read,,,,0,0
9375,Fried Green Tomatoes at the Whistle Stop Cafe,Fannie Flagg,"Flagg, Fannie",,"=""0375508414""","=""9780375508417""",0,4.28,Random House,Hardcover,416,2002,1987,,2020/10/05,to-read,to-read (#37),to-read,,,,0,0
37415,Their Eyes Were Watching God,Zora Neale Hurston,"Hurston, Zora Neale",,"=""0061120065""","=""9780061120060""",0,3.99,Amistad,Paperback,238,2006,1937,,2020/10/05,to-read,to-read (#36),to-read,,,,0,0
378,The Phantom Tollbooth,Norton Juster,"Juster, Norton","Jules Feiffer, Maurice Sendak","=""0394820371""","=""9780394820378""",0,4.20,Random House Bullseye Books,Paperback,248,1996,1961,,2020/10/05,to-read,to-read (#35),to-read,,,,0,0
4671,The Great Gatsby,F. Scott Fitzgerald,"Fitzgerald, F. Scott",,"=""0743273567""","=""9780743273565""",0,3.93,Scribner,Paperback,180,1925,1925,,2020/10/05,to-read,to-read (#34),to-read,,,,0,0
6442769,Paper Towns,John Green,"Green, John",Gázsity Mila,"=""014241493X""","=""9780142414934""",0,3.70,Speak,Paperback,305,2009,2008,,2020/10/05,to-read,to-read (#33),to-read,,,,0,0
3777732,"City of Glass (The Mortal Instruments, #3)",Cassandra Clare,"Clare, Cassandra",,"=""1416914307""","=""9781416914303""",0,4.27,Margaret K. McElderry Books,Hardcover,541,2009,2009,,2020/10/05,to-read,to-read (#32),to-read,,,,0,0
452306,"The Sisterhood of the Traveling Pants (Sisterhood, #1)",Ann Brashares,"Brashares, Ann",,"=""0385729332""","=""9780385729338""",0,3.85,Delacorte Press,Hardcover,294,2001,2001,,2020/10/05,to-read,to-read (#31),to-read,,,,0,0
35269543,Almost Midnight,Rainbow Rowell,"Rowell, Rainbow",Simini Blocker,"=""""","=""""",0,4.03,Macmillan Children's Books,Kindle Edition,161,2017,2017,,2020/10/04,to-read,to-read (#30),to-read,,,,0,0
44017627,"Wayward Son (Simon Snow, #2)",Rainbow Rowell,"Rowell, Rainbow",,"=""1250146070""","=""9781250146076""",0,3.90,Wednesday Books,Hardcover,356,2019,2019,,2020/10/04,,,read,,,,1,0
32768522,"Carry On (Simon Snow, #1)",Rainbow Rowell,"Rowell, Rainbow",,"=""1250135028""","=""9781250135025""",0,4.16,Wednesday Books,Paperback,528,2017,2015,,2020/10/04,,,read,,,,1,0
18081809,Landline,Rainbow Rowell,"Rowell, Rainbow",,"=""1250049377""","=""9781250049377""",0,3.54,St. Martin's Press,Hardcover,320,2014,2014,,2020/10/04,to-read,to-read (#29),to-read,,,,0,0
32570475,The Garden of Small Beginnings,Abbi Waxman,"Waxman, Abbi",,"=""""","=""""",0,3.93,Berkley,Paperback,368,2017,2017,,2020/10/04,,,read,,,,1,0
35698114,Other People's Houses,Abbi Waxman,"Waxman, Abbi",,"=""""","=""""",0,3.61,Berkley,Kindle Edition,352,2018,2018,,2020/10/04,,,read,,,,1,0
42379022,The Bookish Life of Nina Hill,Abbi Waxman,"Waxman, Abbi",,"=""0451491882""","=""""",0,3.80,Berkley,Kindle Edition,351,2019,2019,,2020/10/04,,,read,,,,1,0
51901147,"The Ballad of Songbirds and Snakes (The Hunger Games, #0)",Suzanne Collins,"Collins, Suzanne",,"=""""","=""""",0,3.99,Scholastic Press,Kindle Edition,541,2020,2020,,2020/10/04,to-read,to-read (#28),to-read,,,,0,0
32075671,"The Hate U Give (The Hate U Give, #1)",Angie Thomas,"Thomas, Angie",,"=""0062498533""","=""9780062498533""",0,4.45,Clarion Books,Hardcover,454,2017,2017,,2020/10/04,to-read,to-read (#27),to-read,,,,0,0
17851885,I Am Malala: The Story of the Girl Who Stood Up for Education and Was Shot by the Taliban,Malala Yousafzai,"Yousafzai, Malala",Christina Lamb,"=""0316322407""","=""9780316322409""",0,4.16,"Little, Brown and Company",Hardcover,327,2013,2012,,2020/10/04,to-read,to-read (#25),to-read,,,,0,0
15745753,Eleanor & Park,Rainbow Rowell,"Rowell, Rainbow",,"=""1250012570""","=""9781250012579""",0,3.93,St. Martin's Press,Hardcover,328,2013,2012,,2020/10/04,to-read,to-read (#24),to-read,,,,0,0
9361589,The Night Circus,Erin Morgenstern,"Morgenstern, Erin",,"=""""","=""9780385534635""",0,4.00,Doubleday,Hardcover,506,2011,2011,,2020/10/04,to-read,to-read (#22),to-read,,,,0,0
256683,"City of Bones (The Mortal Instruments, #1)",Cassandra Clare,"Clare, Cassandra",,"=""1416914285""","=""9781416914280""",0,4.07,Margaret K. McElderry Books,Hardcover,485,2007,2007,,2020/10/04,,,read,,,,1,0
61666,Contact,Carl Sagan,"Sagan, Carl",,"=""2266079999""","=""9782266079990""",0,4.15,Pocket,Mass Market Paperback,580,1997,1985,,2020/10/04,to-read,to-read (#19),to-read,,,,0,0
2767,A People’s History of the United States: 1492 - Present,Howard Zinn,"Zinn, Howard",,"=""0060838655""","=""9780060838652""",0,4.09,Harper Perennial,Paperback,729,1995,1980,,2020/10/04,to-read,to-read (#18),to-read,,,,0,0
32234,White Oleander,Janet Fitch,"Fitch, Janet",,"=""0316182540""","=""9780316182546""",0,4.00,"Little, Brown and Company",Mass Market Paperback,446,2001,1999,,2020/10/04,to-read,to-read (#15),to-read,,,,0,0
285092,High Fidelity,Nick Hornby,"Hornby, Nick",,"=""1573225517""","=""9781573225519""",0,3.90,Riverhead Books,Paperback,323,1996,1995,,2020/10/04,to-read,to-read (#14),to-read,,,,0,0
38709,"Holes (Holes, #1)",Louis Sachar,"Sachar, Louis",,"=""0439244196""","=""9780439244190""",0,4.01,Scholastic,Paperback,272,2000,1998,,2020/10/04,to-read,to-read (#12),to-read,,,,0,0
14891,A Tree Grows in Brooklyn,Betty  Smith,"Smith, Betty",,"=""0061120073""","=""9780061120077""",0,4.30,HarperCollins Publishers,Paperback,496,2006,1943,,2020/10/04,to-read,to-read (#11),to-read,,,,0,0
1582996,"City of Ashes (The Mortal Instruments, #2)",Cassandra Clare,"Clare, Cassandra",,"=""1416914293""","=""9781416914297""",0,4.10,Margaret K. McElderry Books,Hardcover,453,2008,2008,,2020/10/04,to-read,to-read (#3),to-read,,,,0,0
53287484,"Midnight Sun (The Twilight Saga, #5)",Stephenie Meyer,"Meyer, Stephenie",,"=""031670704X""","=""9780316707046""",0,3.75,"Little, Brown Books for Young Readers",Hardcover,662,2020,2020,,2020/10/04,to-read,to-read (#1),to-read,,,,0,0
